OBS,FSA,Comm_Name,PR,HR,HR_NAME,HR_UID,health_region
1,T2Z,CALGARY,48,4832,Calgary Zone,4832,Calgary
2,L5E,MISSISSAUGA,35,3553,Peel Public Health,3553,Peel
3,A0G,LEWISPORTE,10,1012,Central Regional Health Authority,1012,Central
4,H9W,BEACONSFIELD,24,2406,Région de Montréal,2406,Montréal
5,M8W,ETOBICOKE,35,3595,Toronto Public Health,3595,Toronto
6,T3G,CALGARY,48,4832,Calgary Zone,4832,Calgary
7,L4N,BARRIE,35,3560,Simcoe Muskoka District Health Unit,3560,Simcoe Muskoka
8,M5V,TORONTO,35,3595,Toronto Public Health,3595,Toronto
9,L3P,MARKHAM,35,3570,York Region Public Health,3570,York
10,M1G,SCARBOROUGH,35,3595,Toronto Public Health,3595,Toronto
11,A1A,ST. JOHN'S,10,1011,Eastern Regional Health Authority,1011,Eastern
12,B2H,NEW GLASGOW,12,1202,Zone 2 - Northern,1202,Zone 2 - Northern
13,K6V,BROCKVILLE,35,3543,"Leeds, Grenville and Lanark District Health Unit",3543,Leeds Grenville and Lanark
14,A0J,SPRINGDALE,10,1012,Central Regional Health Authority,1012,Central
15,L8K,HAMILTON,35,3537,Hamilton Public Health Services,3537,Hamilton
16,V2W,MAPLE RIDGE,59,5902,Fraser,591,Fraser
17,H8P,LASALLE,24,2406,Région de Montréal,2406,Montréal
18,T4R,RED DEER,48,4833,Central Zone,4833,Central
19,R3C,WINNIPEG,46,4603,Interlake-Eastern Regional Health Authority,4603,Interlake-Eastern
20,J3Y,SAINT-HUBERT,24,2416,Région de la Montérégie,2416,Montérégie
21,H4A,MONTREAL,24,2406,Région de Montréal,2406,Montréal
22,A8A,DEER LAKE,10,1013,Western Regional Health Authority,1013,Western
23,V0K,100 MILE HOUSE,59,5901,Interior,592,Interior
24,E1A,DIEPPE,13,1301,Zone 1 (Moncton area),1301,Zone 1 (Moncton area)
25,V9R,NANAIMO,59,5904,Vancouver Island,593,Island
26,T8A,SHERWOOD PARK,48,4834,Edmonton Zone,4834,Edmonton
27,M2N,NORTH YORK,35,3595,Toronto Public Health,3595,Toronto
28,N0A,PORT DOVER,35,3534,Haldimand-Norfolk Health Unit,3534,Haldimand-Norfolk
29,B1N,SYDNEY,12,1203,Zone 3 - Eastern,1203,Zone 3 - Eastern
30,G9N,SHAWINIGAN,24,2404,Région de la Mauricie et du Centre-du-Québec,2404,Mauricie
31,K1J,GLOUCESTER,35,3551,Ottawa Public Health,3551,Ottawa
32,G9H,BECANCOUR,24,2404,Région de la Mauricie et du Centre-du-Québec,2404,Mauricie
33,L1J,OSHAWA,35,3530,Durham Region Health Department,3530,Durham
34,M3L,NORTH YORK,35,3595,Toronto Public Health,3595,Toronto
35,L5B,MISSISSAUGA,35,3553,Peel Public Health,3553,Peel
36,T6J,EDMONTON,48,4834,Edmonton Zone,4834,Edmonton
37,A0A,HOLYROOD,10,1011,Eastern Regional Health Authority,1011,Eastern
38,V3V,SURREY,59,5902,Fraser,591,Fraser
39,M9R,ETOBICOKE,35,3595,Toronto Public Health,3595,Toronto
40,T4N,RED DEER,48,4833,Central Zone,4833,Central
41,M2M,NORTH YORK,35,3595,Toronto Public Health,3595,Toronto
42,V3K,COQUITLAM,59,5902,Fraser,591,Fraser
43,M6M,YORK,35,3595,Toronto Public Health,3595,Toronto
44,S4H,WEYBURN,47,4706,South,476,South
45,V7C,RICHMOND,59,5903,Vancouver Coastal,595,Vancouver Coastal
46,J9E,MANIWAKI,24,2407,Région de l'Outaouais,2407,Outaouais
47,N6J,LONDON,35,3544,Middlesex-London Health Unit,3544,Middlesex-London
48,E1E,MONCTON,13,1301,Zone 1 (Moncton area),1301,Zone 1 (Moncton area)
49,J8A,SAINT-HIPPOLYTE,24,2415,Région des Laurentides,2415,Laurentides
50,K9J,PETERBOROUGH,35,3555,Peterborough Public Health,3555,Peterborough
51,V0J,VANDERHOOF,59,5905,Northern,594,Northern
52,H1G,MONTREAL-NORD,24,2406,Région de Montréal,2406,Montréal
53,N8N,WINDSOR,35,3568,Windsor-Essex County Health Unit,3568,Windsor-Essex
54,H4W,COTE SAINT-LUC,24,2406,Région de Montréal,2406,Montréal
55,L6P,BRAMPTON,35,3553,Peel Public Health,3553,Peel
56,S6J,MOOSE JAW,47,4706,South,476,South
57,T6J,EDMONTON,48,4834,Edmonton Zone,4834,Edmonton
58,N1H,GUELPH,35,3566,Wellington-Dufferin-Guelph Health Unit,3566,Wellington Dufferin Guelph
59,H2N,MONTREAL,24,2406,Région de Montréal,2406,Montréal
60,J6E,JOLIETTE,24,2414,Région de Lanaudière,2414,Lanaudière
61,L5A,MISSISSAUGA,35,3553,Peel Public Health,3553,Peel
62,M9M,NORTH YORK,35,3595,Toronto Public Health,3595,Toronto
63,B3H,HALIFAX,12,1204,Zone 4 - Central,1204,Zone 4 - Central
64,A0N,LOURDES,10,1013,Western Regional Health Authority,1013,Western
65,V1E,SALMON ARM,59,5901,Interior,592,Interior
66,T9W,WAINWRIGHT,48,4833,Central Zone,4833,Central
67,A2V,LABRADOR CITY,10,1014,Labrador-Grenfell Regional Health Authority,1014,Labrador-Grenfell
68,T2K,CALGARY,48,4832,Calgary Zone,4832,Calgary
69,L3Z,BRADFORD,35,3560,Simcoe Muskoka District Health Unit,3560,Simcoe Muskoka
70,M2H,NORTH YORK,35,3595,Toronto Public Health,3595,Toronto
71,M1B,SCARBOROUGH,35,3595,Toronto Public Health,3595,Toronto
72,K0A,CARP,35,3543,"Leeds, Grenville and Lanark District Health Unit",3543,Leeds Grenville and Lanark
73,L3X,NEWMARKET,35,3570,York Region Public Health,3570,York
74,P3E,SUDBURY,35,3561,Sudbury and District Health Unit,3561,Sudbury
75,M6J,TORONTO,35,3595,Toronto Public Health,3595,Toronto
76,L4Z,MISSISSAUGA,35,3553,Peel Public Health,3553,Peel
77,L6L,OAKVILLE,35,3536,Halton Region Health Department,3536,Halton
78,E2J,SAINT JOHN,13,1302,Zone 2 (Saint John area),1302,Zone 2 (Saint John area)
79,L5L,MISSISSAUGA,35,3553,Peel Public Health,3553,Peel
80,L5R,MISSISSAUGA,35,3553,Peel Public Health,3553,Peel
81,H3J,MONTREAL,24,2406,Région de Montréal,2406,Montréal
82,K2J,NEPEAN,35,3551,Ottawa Public Health,3551,Ottawa
83,H1Y,MONTREAL,24,2406,Région de Montréal,2406,Montréal
84,P0B,UTTERSON,35,3560,Simcoe Muskoka District Health Unit,3560,Simcoe Muskoka
85,M1J,SCARBOROUGH,35,3595,Toronto Public Health,3595,Toronto
86,R5L,ANOLA,46,4603,Interlake-Eastern Regional Health Authority,4603,Interlake-Eastern
87,L6C,MARKHAM,35,3570,York Region Public Health,3570,York
88,V3B,PORT COQUITLAM,59,5902,Fraser,591,Fraser
89,M3J,NORTH YORK,35,3595,Toronto Public Health,3595,Toronto
90,M4C,EAST YORK,35,3595,Toronto Public Health,3595,Toronto
91,M1W,SCARBOROUGH,35,3595,Toronto Public Health,3595,Toronto
92,K1J,GLOUCESTER,35,3551,Ottawa Public Health,3551,Ottawa
93,V9R,NANAIMO,59,5904,Vancouver Island,593,Island
94,S0E,TISDALE,47,4702,North,472,North
95,T3A,CALGARY,48,4832,Calgary Zone,4832,Calgary
96,L7R,BURLINGTON,35,3536,Halton Region Health Department,3536,Halton
97,M4K,TORONTO,35,3595,Toronto Public Health,3595,Toronto
98,T3M,CALGARY,48,4832,Calgary Zone,4832,Calgary
99,M5N,TORONTO,35,3595,Toronto Public Health,3595,Toronto
100,M6H,TORONTO,35,3595,Toronto Public Health,3595,Toronto
101,L7P,BURLINGTON,35,3536,Halton Region Health Department,3536,Halton
102,G8V,TROIS-RIVIERES,24,2404,Région de la Mauricie et du Centre-du-Québec,2404,Mauricie
103,T6X,EDMONTON,48,4834,Edmonton Zone,4834,Edmonton
104,V8R,VICTORIA,59,5904,Vancouver Island,593,Island
105,H2X,MONTREAL,24,2406,Région de Montréal,2406,Montréal
106,G7J,CHICOUTIMI,24,2402,Région du Saguenay—Lac-Saint-Jean,2402,Saguenay
107,M5B,TORONTO,35,3595,Toronto Public Health,3595,Toronto
108,K1P,OTTAWA,35,3551,Ottawa Public Health,3551,Ottawa
109,P3C,SUDBURY,35,3561,Sudbury and District Health Unit,3561,Sudbury
110,V6E,VANCOUVER,59,5903,Vancouver Coastal,595,Vancouver Coastal
111,J1J,SHERBROOKE,24,2405,Région de l'Estrie,2405,Estrie
112,H4K,MONTREAL,24,2406,Région de Montréal,2406,Montréal
113,K2V,KANATA,35,3551,Ottawa Public Health,3551,Ottawa
114,M6K,TORONTO,35,3595,Toronto Public Health,3595,Toronto
115,V3Z,SURREY,59,5902,Fraser,591,Fraser
116,C1E,CHARLOTTETOWN,11,1100,Prince Edward Island,1100,Prince Edward Island
117,R3M,WINNIPEG,46,4601,Winnipeg Regional Health Authority,4601,Winnipeg
118,R3L,WINNIPEG,46,4601,Winnipeg Regional Health Authority,4601,Winnipeg
119,R2H,WINNIPEG,46,4601,Winnipeg Regional Health Authority,4601,Winnipeg
120,R1N,PORTAGE LA PRAIRIE,46,4605,Southern Health—Santé Sud,4605,Southern Health
121,R3X,WINNIPEG,46,4601,Winnipeg Regional Health Authority,4601,Winnipeg
122,R3T,WINNIPEG,46,4601,Winnipeg Regional Health Authority,4601,Winnipeg
123,L0S,NIAGARA ON THE LAKE,35,3546,Niagara Region Public Health Department,3546,Niagara
124,R2W,WINNIPEG,46,4601,Winnipeg Regional Health Authority,4601,Winnipeg
125,R2N,WINNIPEG,46,4601,Winnipeg Regional Health Authority,4601,Winnipeg
127,R2M,WINNIPEG,46,4601,Winnipeg Regional Health Authority,4601,Winnipeg
128,R7B,BRANDON,46,4602,Prairie Mountain Health,4602,Prairie Mountain
129,R3Y,WINNIPEG,46,4601,Winnipeg Regional Health Authority,4601,Winnipeg
130,R1A,ST ANDREWS,46,4603,Interlake-Eastern Regional Health Authority,4603,Interlake-Eastern
131,R0L,CAMPERVILLE,46,4602,Prairie Mountain Health,4602,Prairie Mountain
132,M9C,ETOBICOKE,35,3595,Toronto Public Health,3595,Toronto
133,R2K,WINNIPEG,46,4601,Winnipeg Regional Health Authority,4601,Winnipeg
134,T4T,ROCKY MOUNTAIN HOUSE,48,4833,Central Zone,4833,Central
135,E2J,SAINT JOHN,13,1302,Zone 2 (Saint John area),1302,Zone 2 (Saint John area)
136,H4C,MONTREAL,24,2406,Région de Montréal,2406,Montréal
137,A0B,HEART'S DESIRE,10,1011,Eastern Regional Health Authority,1011,Eastern
138,L3R,MARKHAM,35,3570,York Region Public Health,3570,York
139,V3Y,PITT MEADOWS,59,5902,Fraser,591,Fraser
140,T6A,EDMONTON,48,4834,Edmonton Zone,4834,Edmonton
141,V5J,BURNABY,59,5902,Fraser,591,Fraser
142,N5P,ST THOMAS,35,3575,Southwestern Public Health,3575,Southwestern
143,P7B,THUNDER BAY,35,3562,Thunder Bay District Health Unit,3562,Thunder Bay
144,T4P,RED DEER,48,4833,Central Zone,4833,Central
145,E1B,RIVERVIEW,13,1301,Zone 1 (Moncton area),1301,Zone 1 (Moncton area)
146,L7S,BURLINGTON,35,3536,Halton Region Health Department,3536,Halton
147,L4T,MISSISSAUGA,35,3553,Peel Public Health,3553,Peel
148,M1S,SCARBOROUGH,35,3595,Toronto Public Health,3595,Toronto
149,L2G,NIAGARA FALLS,35,3546,Niagara Region Public Health Department,3546,Niagara
150,M5R,TORONTO,35,3595,Toronto Public Health,3595,Toronto
151,N0R,BELLE RIVER,35,3568,Windsor-Essex County Health Unit,3568,Windsor-Essex
152,L5C,MISSISSAUGA,35,3553,Peel Public Health,3553,Peel
153,T2R,CALGARY,48,4832,Calgary Zone,4832,Calgary
154,N5V,LONDON,35,3544,Middlesex-London Health Unit,3544,Middlesex-London
155,M1P,SCARBOROUGH,35,3595,Toronto Public Health,3595,Toronto
156,P6C,SAULT STE. MARIE,35,3526,Algoma Public Health Unit,3526,Algoma
157,S7T,SASKATOON,47,4704,Saskatoon,474,Saskatoon
158,M1K,SCARBOROUGH,35,3595,Toronto Public Health,3595,Toronto
159,S4S,REGINA,47,4705,Regina,475,Regina
160,K0C,ALEXANDRIA,35,3558,Eastern Ontario Health Unit,3558,Eastern
161,H2J,MONTREAL,24,2406,Région de Montréal,2406,Montréal
162,T2A,CALGARY,48,4832,Calgary Zone,4832,Calgary
163,T3K,CALGARY,48,4832,Calgary Zone,4832,Calgary
164,E1E,MONCTON,13,1301,Zone 1 (Moncton area),1301,Zone 1 (Moncton area)
165,M1N,SCARBOROUGH,35,3595,Toronto Public Health,3595,Toronto
166,M2R,NORTH YORK,35,3595,Toronto Public Health,3595,Toronto
167,V9C,VICTORIA,59,5904,Vancouver Island,593,Island
168,L9H,DUNDAS,35,3537,Hamilton Public Health Services,3537,Hamilton
169,M4N,TORONTO,35,3595,Toronto Public Health,3595,Toronto
170,P6A,SAULT STE. MARIE,35,3526,Algoma Public Health Unit,3526,Algoma
171,N0P,BLENHEIM,35,3540,Chatham-Kent Health Unit,3540,Chatham-Kent
172,T8A,SHERWOOD PARK,48,4834,Edmonton Zone,4834,Edmonton
173,J9H,GATINEAU,24,2407,Région de l'Outaouais,2407,Outaouais
174,V8M,SAANICHTON,59,5904,Vancouver Island,593,Island
175,A1C,ST. JOHN'S,10,1011,Eastern Regional Health Authority,1011,Eastern
176,G5L,RIMOUSKI,24,2401,Région du Bas-Saint-Laurent,2401,Bas-Saint-Laurent
177,A0N,LOURDES,10,1013,Western Regional Health Authority,1013,Western
178,P4N,TIMMINS,35,3556,Porcupine Health Unit,3556,Porcupine
179,L1R,WHITBY,35,3530,Durham Region Health Department,3530,Durham
180,K1V,OTTAWA,35,3551,Ottawa Public Health,3551,Ottawa
181,N2E,KITCHENER,35,3565,"Region of Waterloo, Public Health",3565,Waterloo
182,B4A,BEDFORD,12,1204,Zone 4 - Central,1204,Zone 4 - Central
183,V8S,VICTORIA,59,5904,Vancouver Island,593,Island
184,L6S,BRAMPTON,35,3553,Peel Public Health,3553,Peel
185,R2Y,WINNIPEG,46,4601,Winnipeg Regional Health Authority,4601,Winnipeg
186,T6L,EDMONTON,48,4834,Edmonton Zone,4834,Edmonton
187,K0L,DOURO-DUMMER,35,3555,Peterborough Public Health,3555,Peterborough
188,V6J,VANCOUVER,59,5903,Vancouver Coastal,595,Vancouver Coastal
189,L5M,MISSISSAUGA,35,3553,Peel Public Health,3553,Peel
190,T2X,CALGARY,48,4832,Calgary Zone,4832,Calgary
191,M5A,TORONTO,35,3595,Toronto Public Health,3595,Toronto
192,L7L,BURLINGTON,35,3536,Halton Region Health Department,3536,Halton
193,A1B,ST. JOHN'S,10,1011,Eastern Regional Health Authority,1011,Eastern
194,S4X,REGINA,47,4705,Regina,475,Regina
195,M8W,ETOBICOKE,35,3595,Toronto Public Health,3595,Toronto
196,H9J,KIRKLAND,24,2406,Région de Montréal,2406,Montréal
197,M2J,NORTH YORK,35,3595,Toronto Public Health,3595,Toronto
198,V2N,PRINCE GEORGE,59,5905,Northern,594,Northern
199,T7X,SPRUCE GROVE,48,4834,Edmonton Zone,4834,Edmonton
200,V7R,NORTH VANCOUVER,59,5903,Vancouver Coastal,595,Vancouver Coastal
201,N6C,LONDON,35,3544,Middlesex-London Health Unit,3544,Middlesex-London
202,N5R,ST THOMAS,35,3575,Southwestern Public Health,3575,Southwestern
203,B3R,HALIFAX,12,1204,Zone 4 - Central,1204,Zone 4 - Central
204,H3E,VERDUN,24,2406,Région de Montréal,2406,Montréal
205,V7W,WEST VANCOUVER,59,5903,Vancouver Coastal,595,Vancouver Coastal
206,S4P,REGINA,47,4705,Regina,475,Regina
207,V2G,WILLIAMS LAKE,59,5901,Interior,592,Interior
208,V0E,ARMSTRONG,59,5901,Interior,592,Interior
209,N0L,KOMOKA,35,3575,Southwestern Public Health,3575,Southwestern
210,B2W,DARTMOUTH,12,1204,Zone 4 - Central,1204,Zone 4 - Central
211,V0N,WHISTLER,59,5904,Vancouver Island,593,Island
212,L5W,MISSISSAUGA,35,3553,Peel Public Health,3553,Peel
213,L4S,RICHMOND HILL,35,3570,York Region Public Health,3570,York
214,B3M,HALIFAX,12,1204,Zone 4 - Central,1204,Zone 4 - Central
215,T3L,CALGARY,48,4832,Calgary Zone,4832,Calgary
216,S7K,SASKATOON,47,4704,Saskatoon,474,Saskatoon
217,J0K,RAWDON,24,2414,Région de Lanaudière,2414,Lanaudière
218,V2L,PRINCE GEORGE,59,5905,Northern,594,Northern
219,V0X,HOPE,59,5901,Interior,592,Interior
220,L6C,MARKHAM,35,3570,York Region Public Health,3570,York
221,V0H,SUMMERLAND,59,5901,Interior,592,Interior
222,N4N,HANOVER,35,3533,Grey Bruce Health Unit,3533,Grey Bruce
223,V1T,VERNON,59,5901,Interior,592,Interior
224,V9R,NANAIMO,59,5904,Vancouver Island,593,Island
225,G0L,SAINT-PASCAL,24,2401,Région du Bas-Saint-Laurent,2401,Bas-Saint-Laurent
226,V7J,NORTH VANCOUVER,59,5903,Vancouver Coastal,595,Vancouver Coastal
227,V6P,VANCOUVER,59,5903,Vancouver Coastal,595,Vancouver Coastal
228,R3J,WINNIPEG,46,4601,Winnipeg Regional Health Authority,4601,Winnipeg
229,K1V,OTTAWA,35,3551,Ottawa Public Health,3551,Ottawa
230,V2X,MAPLE RIDGE,59,5902,Fraser,591,Fraser
231,L9M,PENETANGUISHENE,35,3560,Simcoe Muskoka District Health Unit,3560,Simcoe Muskoka
232,V1Z,WEST KELOWNA,59,5901,Interior,592,Interior
233,T5T,EDMONTON,48,4834,Edmonton Zone,4834,Edmonton
234,S7K,SASKATOON,47,4704,Saskatoon,474,Saskatoon
235,M1G,SCARBOROUGH,35,3595,Toronto Public Health,3595,Toronto
236,R9A,THE PAS,46,4604,Northern Regional Health Authority,4604,Northern
237,N6B,LONDON,35,3544,Middlesex-London Health Unit,3544,Middlesex-London
238,M6J,TORONTO,35,3595,Toronto Public Health,3595,Toronto
239,K7K,KINGSTON,35,3541,"Kingston, Frontenac and Lennox and Addington Health Unit",3541,Kingston Frontenac Lennox & Addington
240,M6P,TORONTO,35,3595,Toronto Public Health,3595,Toronto
241,E2H,ROTHESAY,13,1302,Zone 2 (Saint John area),1302,Zone 2 (Saint John area)
242,M3J,NORTH YORK,35,3595,Toronto Public Health,3595,Toronto
243,H1E,MONTREAL,24,2406,Région de Montréal,2406,Montréal
244,M3A,NORTH YORK,35,3595,Toronto Public Health,3595,Toronto
245,L0R,BEAMSVILLE,35,3546,Niagara Region Public Health Department,3546,Niagara
246,T2Y,CALGARY,48,4832,Calgary Zone,4832,Calgary
247,J6A,REPENTIGNY,24,2414,Région de Lanaudière,2414,Lanaudière
248,V2J,QUESNEL,59,5905,Northern,594,Northern
249,T8L,FORT SASKATCHEWAN,48,4834,Edmonton Zone,4834,Edmonton
250,N6E,LONDON,35,3544,Middlesex-London Health Unit,3544,Middlesex-London
251,B1P,SYDNEY,12,1203,Zone 3 - Eastern,1203,Zone 3 - Eastern
252,R2P,WINNIPEG,46,4601,Winnipeg Regional Health Authority,4601,Winnipeg
253,R3T,WINNIPEG,46,4601,Winnipeg Regional Health Authority,4601,Winnipeg
254,G9B,TROIS-RIVIERES,24,2404,Région de la Mauricie et du Centre-du-Québec,2404,Mauricie
255,B2X,DARTMOUTH,12,1204,Zone 4 - Central,1204,Zone 4 - Central
256,L4L,WOODBRIDGE,35,3570,York Region Public Health,3570,York
257,H4G,VERDUN,24,2406,Région de Montréal,2406,Montréal
258,H1E,MONTREAL,24,2406,Région de Montréal,2406,Montréal
259,M9B,ETOBICOKE,35,3595,Toronto Public Health,3595,Toronto
260,L4M,BARRIE,35,3560,Simcoe Muskoka District Health Unit,3560,Simcoe Muskoka
261,T1B,MEDICINE HAT,48,4831,South Zone,4831,South
262,N5A,STRATFORD,35,3539,Huron Perth Health Unit,3539,Huron Perth
263,T5X,EDMONTON,48,4834,Edmonton Zone,4834,Edmonton
264,R4A,WEST ST PAUL,46,4601,Winnipeg Regional Health Authority,4601,Winnipeg
265,S7L,SASKATOON,47,4704,Saskatoon,474,Saskatoon
266,L1P,WHITBY,35,3530,Durham Region Health Department,3530,Durham
267,S6H,MOOSE JAW,47,4706,South,476,South
268,M2M,NORTH YORK,35,3595,Toronto Public Health,3595,Toronto
269,L6X,BRAMPTON,35,3553,Peel Public Health,3553,Peel
270,V0R,GABRIOLA,59,5904,Vancouver Island,593,Island
271,K2K,KANATA,35,3551,Ottawa Public Health,3551,Ottawa
272,V2R,CHILLIWACK,59,5902,Fraser,591,Fraser
273,J4W,BROSSARD,24,2416,Région de la Montérégie,2416,Montérégie
274,B3V,HERRING COVE,12,1204,Zone 4 - Central,1204,Zone 4 - Central
275,V2B,KAMLOOPS,59,5901,Interior,592,Interior
276,M4P,TORONTO,35,3595,Toronto Public Health,3595,Toronto
277,B3N,HALIFAX,12,1204,Zone 4 - Central,1204,Zone 4 - Central
278,S0K,WARMAN,47,4703,Central,473,Central
279,L2M,ST CATHARINES,35,3546,Niagara Region Public Health Department,3546,Niagara
280,N1G,GUELPH,35,3566,Wellington-Dufferin-Guelph Health Unit,3566,Wellington Dufferin Guelph
281,M6N,YORK,35,3595,Toronto Public Health,3595,Toronto
282,B3K,HALIFAX,12,1204,Zone 4 - Central,1204,Zone 4 - Central
283,V5S,VANCOUVER,59,5903,Vancouver Coastal,595,Vancouver Coastal
284,B2V,DARTMOUTH,12,1204,Zone 4 - Central,1204,Zone 4 - Central
285,V5S,VANCOUVER,59,5903,Vancouver Coastal,595,Vancouver Coastal
286,V9M,COMOX,59,5904,Vancouver Island,593,Island
287,L6S,BRAMPTON,35,3553,Peel Public Health,3553,Peel
288,V0C,BALDONNEL,59,5905,Northern,594,Northern
289,K1R,OTTAWA,35,3551,Ottawa Public Health,3551,Ottawa
290,E3B,FREDERICTON,13,1303,Zone 3 (Fredericton area),1303,Zone 3 (Fredericton area)
291,E3B,FREDERICTON,13,1303,Zone 3 (Fredericton area),1303,Zone 3 (Fredericton area)
292,V3M,NEW WESTMINSTER,59,5902,Fraser,591,Fraser
293,T3B,CALGARY,48,4832,Calgary Zone,4832,Calgary
294,A1E,ST. JOHN'S,10,1011,Eastern Regional Health Authority,1011,Eastern
295,N2L,WATERLOO,35,3565,"Region of Waterloo, Public Health",3565,Waterloo
296,N2N,KITCHENER,35,3565,"Region of Waterloo, Public Health",3565,Waterloo
297,K6K,CORNWALL,35,3558,Eastern Ontario Health Unit,3558,Eastern
298,T6W,EDMONTON,48,4834,Edmonton Zone,4834,Edmonton
299,N3T,BRANTFORD,35,3527,Brant County Health Unit,3527,Brant
300,J7V,VAUDREUIL-DORION,24,2416,Région de la Montérégie,2416,Montérégie
301,S7M,SASKATOON,47,4704,Saskatoon,474,Saskatoon
302,K0H,INVERARY,35,3541,"Kingston, Frontenac and Lennox and Addington Health Unit",3541,Kingston Frontenac Lennox & Addington
303,V3E,COQUITLAM,59,5902,Fraser,591,Fraser
304,G0X,SHAWINIGAN,24,2414,Région de Lanaudière,2414,Lanaudière
305,R2G,WINNIPEG,46,4601,Winnipeg Regional Health Authority,4601,Winnipeg
306,V9W,CAMPBELL RIVER,59,5904,Vancouver Island,593,Island
307,L4C,RICHMOND HILL,35,3570,York Region Public Health,3570,York
308,B0J,HUBBARDS,12,1204,Zone 4 - Central,1204,Zone 4 - Central
309,K9H,PETERBOROUGH,35,3555,Peterborough Public Health,3555,Peterborough
310,M8Z,ETOBICOKE,35,3595,Toronto Public Health,3595,Toronto
311,L6A,MAPLE,35,3570,York Region Public Health,3570,York
312,M6R,TORONTO,35,3595,Toronto Public Health,3595,Toronto
313,M9W,ETOBICOKE,35,3595,Toronto Public Health,3595,Toronto
314,L6T,BRAMPTON,35,3553,Peel Public Health,3553,Peel
315,M6A,NORTH YORK,35,3595,Toronto Public Health,3595,Toronto
316,N0C,MARKDALE,35,3533,Grey Bruce Health Unit,3533,Grey Bruce
317,V7M,NORTH VANCOUVER,59,5903,Vancouver Coastal,595,Vancouver Coastal
318,K0K,QUINTE WEST,35,3538,Hastings and Prince Edward Counties Health Unit,3538,Hastings Prince Edward
319,B3A,DARTMOUTH,12,1204,Zone 4 - Central,1204,Zone 4 - Central
320,T2G,CALGARY,48,4832,Calgary Zone,4832,Calgary
321,V9S,NANAIMO,59,5904,Vancouver Island,593,Island
322,M9R,ETOBICOKE,35,3595,Toronto Public Health,3595,Toronto
323,M1P,SCARBOROUGH,35,3595,Toronto Public Health,3595,Toronto
324,V4M,DELTA,59,5902,Fraser,591,Fraser
325,T5T,EDMONTON,48,4834,Edmonton Zone,4834,Edmonton
326,M1B,SCARBOROUGH,35,3595,Toronto Public Health,3595,Toronto
327,M9V,ETOBICOKE,35,3595,Toronto Public Health,3595,Toronto
328,V9V,NANAIMO,59,5904,Vancouver Island,593,Island
329,T5G,EDMONTON,48,4834,Edmonton Zone,4834,Edmonton
330,L5A,MISSISSAUGA,35,3553,Peel Public Health,3553,Peel
331,H4M,SAINT-LAURENT,24,2406,Région de Montréal,2406,Montréal
332,P7K,THUNDER BAY,35,3562,Thunder Bay District Health Unit,3562,Thunder Bay
333,H2A,MONTREAL,24,2406,Région de Montréal,2406,Montréal
334,V2N,PRINCE GEORGE,59,5905,Northern,594,Northern
335,T5Z,EDMONTON,48,4834,Edmonton Zone,4834,Edmonton
336,M4E,TORONTO,35,3595,Toronto Public Health,3595,Toronto
337,R3B,WINNIPEG,46,4601,Winnipeg Regional Health Authority,4601,Winnipeg
338,K7G,GANANOQUE,35,3543,"Leeds, Grenville and Lanark District Health Unit",3543,Leeds Grenville and Lanark
339,N0M,PARKHILL,35,3539,Huron Perth Health Unit,3539,Huron Perth
340,V5V,VANCOUVER,59,5903,Vancouver Coastal,595,Vancouver Coastal
341,M2N,NORTH YORK,35,3595,Toronto Public Health,3595,Toronto
342,R0C,GIMLI,46,4603,Interlake-Eastern Regional Health Authority,4603,Interlake-Eastern
343,B2T,FALL RIVER,12,1204,Zone 4 - Central,1204,Zone 4 - Central
344,L4E,RICHMOND HILL,35,3570,York Region Public Health,3570,York
345,E4E,SUSSEX,13,1302,Zone 2 (Saint John area),1302,Zone 2 (Saint John area)
346,R2M,WINNIPEG,46,4601,Winnipeg Regional Health Authority,4601,Winnipeg
347,K1Y,OTTAWA,35,3551,Ottawa Public Health,3551,Ottawa
348,V4R,MAPLE RIDGE,59,5902,Fraser,591,Fraser
349,K2E,NEPEAN,35,3551,Ottawa Public Health,3551,Ottawa
350,J1L,SHERBROOKE,24,2405,Région de l'Estrie,2405,Estrie
351,M4E,TORONTO,35,3595,Toronto Public Health,3595,Toronto
352,L1H,OSHAWA,35,3530,Durham Region Health Department,3530,Durham
353,V5E,BURNABY,59,5902,Fraser,591,Fraser
354,V1C,CRANBROOK,59,5901,Interior,592,Interior
355,V2Y,LANGLEY,59,5902,Fraser,591,Fraser
356,B3A,DARTMOUTH,12,1204,Zone 4 - Central,1204,Zone 4 - Central
357,C0B,O'LEARY,11,1100,Prince Edward Island,1100,Prince Edward Island
358,T8N,ST. ALBERT,48,4834,Edmonton Zone,4834,Edmonton
359,K2B,OTTAWA,35,3551,Ottawa Public Health,3551,Ottawa
360,V6Z,VANCOUVER,59,5903,Vancouver Coastal,595,Vancouver Coastal
361,V2S,ABBOTSFORD,59,5902,Fraser,591,Fraser
362,M5C,TORONTO,35,3595,Toronto Public Health,3595,Toronto
363,T8X,GRANDE PRAIRIE,48,4835,North Zone,4835,North
364,V3A,LANGLEY,59,5902,Fraser,591,Fraser
365,C0A,CORNWALL,11,1100,Prince Edward Island,1100,Prince Edward Island
366,V8V,VICTORIA,59,5904,Vancouver Island,593,Island
367,V7C,RICHMOND,59,5903,Vancouver Coastal,595,Vancouver Coastal
368,L5N,MISSISSAUGA,35,3553,Peel Public Health,3553,Peel
369,V1V,KELOWNA,59,5901,Interior,592,Interior
370,T3G,CALGARY,48,4832,Calgary Zone,4832,Calgary
371,J4H,LONGUEUIL,24,2416,Région de la Montérégie,2416,Montérégie
372,L9Z,WASAGA BEACH,35,3560,Simcoe Muskoka District Health Unit,3560,Simcoe Muskoka
373,L1G,OSHAWA,35,3530,Durham Region Health Department,3530,Durham
374,M9C,ETOBICOKE,35,3595,Toronto Public Health,3595,Toronto
375,L8G,STONEY CREEK,35,3537,Hamilton Public Health Services,3537,Hamilton
376,V4N,SURREY,59,5902,Fraser,591,Fraser
377,L8L,HAMILTON,35,3537,Hamilton Public Health Services,3537,Hamilton
378,P7K,THUNDER BAY,35,3562,Thunder Bay District Health Unit,3562,Thunder Bay
379,T9E,LEDUC,48,4834,Edmonton Zone,4834,Edmonton
380,V6K,VANCOUVER,59,5903,Vancouver Coastal,595,Vancouver Coastal
381,H7W,LAVAL,24,2413,Région de Laval,2413,Laval
382,K2M,KANATA,35,3551,Ottawa Public Health,3551,Ottawa
383,N2H,KITCHENER,35,3565,"Region of Waterloo, Public Health",3565,Waterloo
384,M2K,NORTH YORK,35,3595,Toronto Public Health,3595,Toronto
385,G0R,SAINT-HENRI-DE-LEVIS,24,2412,Région de la Chaudière-Appalaches,2412,Chaudière-Appalaches
386,B3J,HALIFAX,12,1204,Zone 4 - Central,1204,Zone 4 - Central
387,V2L,PRINCE GEORGE,59,5905,Northern,594,Northern
388,B2N,TRURO,12,1202,Zone 2 - Northern,1202,Zone 2 - Northern
389,M1N,SCARBOROUGH,35,3595,Toronto Public Health,3595,Toronto
390,H1R,SAINT-LEONARD,24,2406,Région de Montréal,2406,Montréal
391,T5W,EDMONTON,48,4834,Edmonton Zone,4834,Edmonton
392,K9J,PETERBOROUGH,35,3555,Peterborough Public Health,3555,Peterborough
393,K7K,KINGSTON,35,3541,"Kingston, Frontenac and Lennox and Addington Health Unit",3541,Kingston Frontenac Lennox & Addington
394,L4N,BARRIE,35,3560,Simcoe Muskoka District Health Unit,3560,Simcoe Muskoka
395,S6V,PRINCE ALBERT,47,4702,North,472,North
396,L9N,HOLLAND LANDING,35,3570,York Region Public Health,3570,York
397,E3A,FREDERICTON,13,1303,Zone 3 (Fredericton area),1303,Zone 3 (Fredericton area)
398,N2M,KITCHENER,35,3565,"Region of Waterloo, Public Health",3565,Waterloo
399,T2R,CALGARY,48,4832,Calgary Zone,4832,Calgary
400,S0J,SHELLBROOK,47,4701,Far North,471,Far North
401,L6Y,BRAMPTON,35,3553,Peel Public Health,3553,Peel
402,V2E,KAMLOOPS,59,5901,Interior,592,Interior
403,N5Z,LONDON,35,3544,Middlesex-London Health Unit,3544,Middlesex-London
404,K2P,OTTAWA,35,3551,Ottawa Public Health,3551,Ottawa
405,V3C,PORT COQUITLAM,59,5902,Fraser,591,Fraser
406,L5M,MISSISSAUGA,35,3553,Peel Public Health,3553,Peel
407,S0N,GULL LAKE,47,4706,South,476,South
408,N7T,SARNIA,35,3542,Lambton Public Health,3542,Lambton
409,N7A,GODERICH,35,3539,Huron Perth Health Unit,3539,Huron Perth
410,T4B,AIRDRIE,48,4832,Calgary Zone,4832,Calgary
411,B0J,HUBBARDS,12,1204,Zone 4 - Central,1204,Zone 4 - Central
412,K9V,LINDSAY,35,3535,"Haliburton, Kawartha, Pine Ridge District Health Unit",3535,Haliburton Kawartha Pineridge
413,K9A,COBOURG,35,3535,"Haliburton, Kawartha, Pine Ridge District Health Unit",3535,Haliburton Kawartha Pineridge
414,M1M,SCARBOROUGH,35,3595,Toronto Public Health,3595,Toronto
415,P1A,NORTH BAY,35,3547,North Bay Parry Sound District Health Unit,3547,North Bay Parry Sound
416,K6J,CORNWALL,35,3558,Eastern Ontario Health Unit,3558,Eastern
417,L8V,HAMILTON,35,3537,Hamilton Public Health Services,3537,Hamilton
418,V1A,KIMBERLEY,59,5901,Interior,592,Interior
419,H2E,MONTREAL,24,2406,Région de Montréal,2406,Montréal
420,T1L,BANFF,48,4832,Calgary Zone,4832,Calgary
421,P7A,THUNDER BAY,35,3562,Thunder Bay District Health Unit,3562,Thunder Bay
422,V1V,KELOWNA,59,5901,Interior,592,Interior
423,K6H,CORNWALL,35,3558,Eastern Ontario Health Unit,3558,Eastern
424,H4N,SAINT-LAURENT,24,2406,Région de Montréal,2406,Montréal
425,V5G,BURNABY,59,5902,Fraser,591,Fraser
426,V5C,BURNABY,59,5902,Fraser,591,Fraser
427,H3C,MONTREAL,24,2406,Région de Montréal,2406,Montréal
428,L9E,MILTON,35,3536,Halton Region Health Department,3536,Halton
429,V3J,COQUITLAM,59,5902,Fraser,591,Fraser
430,E4Y,ROGERSVILLE,13,1301,Zone 1 (Moncton area),1301,Zone 1 (Moncton area)
431,M3N,NORTH YORK,35,3595,Toronto Public Health,3595,Toronto
432,L7L,BURLINGTON,35,3536,Halton Region Health Department,3536,Halton
433,V3S,SURREY,59,5902,Fraser,591,Fraser
434,M8V,ETOBICOKE,35,3595,Toronto Public Health,3595,Toronto
435,N1R,CAMBRIDGE,35,3565,"Region of Waterloo, Public Health",3565,Waterloo
436,J5W,L'ASSOMPTION,24,2414,Région de Lanaudière,2414,Lanaudière
437,K6H,CORNWALL,35,3558,Eastern Ontario Health Unit,3558,Eastern
438,L7T,BURLINGTON,35,3536,Halton Region Health Department,3536,Halton
439,M5V,TORONTO,35,3595,Toronto Public Health,3595,Toronto
440,T2X,CALGARY,48,4832,Calgary Zone,4832,Calgary
441,K1L,VANIER,35,3551,Ottawa Public Health,3551,Ottawa
442,L6Z,BRAMPTON,35,3553,Peel Public Health,3553,Peel
443,L6V,BRAMPTON,35,3553,Peel Public Health,3553,Peel
444,S0A,CANORA,47,4703,Central,473,Central
445,V2E,KAMLOOPS,59,5901,Interior,592,Interior
446,M4Y,TORONTO,35,3595,Toronto Public Health,3595,Toronto
447,L8R,HAMILTON,35,3537,Hamilton Public Health Services,3537,Hamilton
448,L0B,ORONO,35,3530,Durham Region Health Department,3530,Durham
450,H4A,MONTREAL,24,2406,Région de Montréal,2406,Montréal
451,K7V,RENFREW,35,3557,Renfrew County and District Health Unit,3557,Renfrew
452,L6E,MARKHAM,35,3570,York Region Public Health,3570,York
453,L6P,BRAMPTON,35,3553,Peel Public Health,3553,Peel
454,S4W,REGINA,47,4705,Regina,475,Regina
455,J4K,LONGUEUIL,24,2416,Région de la Montérégie,2416,Montérégie
456,V2A,PENTICTON,59,5901,Interior,592,Interior
457,L4S,RICHMOND HILL,35,3570,York Region Public Health,3570,York
458,V5R,VANCOUVER,59,5903,Vancouver Coastal,595,Vancouver Coastal
459,L4A,STOUFFVILLE,35,3570,York Region Public Health,3570,York
460,M5C,TORONTO,35,3595,Toronto Public Health,3595,Toronto
461,L1B,NEWCASTLE,35,3530,Durham Region Health Department,3530,Durham
462,N5W,LONDON,35,3544,Middlesex-London Health Unit,3544,Middlesex-London
463,M8Y,ETOBICOKE,35,3595,Toronto Public Health,3595,Toronto
464,K8V,TRENTON,35,3538,Hastings and Prince Edward Counties Health Unit,3538,Hastings Prince Edward
465,T6E,EDMONTON,48,4834,Edmonton Zone,4834,Edmonton
466,J3V,SAINT-BRUNO,24,2416,Région de la Montérégie,2416,Montérégie
467,N1T,CAMBRIDGE,35,3565,"Region of Waterloo, Public Health",3565,Waterloo
468,B4V,BRIDGEWATER,12,1201,Zone 1 - Western,1201,Zone 1 - Western
469,K1C,ORLEANS,35,3551,Ottawa Public Health,3551,Ottawa
470,T6R,EDMONTON,48,4834,Edmonton Zone,4834,Edmonton
471,T6C,EDMONTON,48,4834,Edmonton Zone,4834,Edmonton
472,M6L,NORTH YORK,35,3595,Toronto Public Health,3595,Toronto
473,T1C,MEDICINE HAT,48,4831,South Zone,4831,South
474,K7A,SMITHS FALLS,35,3543,"Leeds, Grenville and Lanark District Health Unit",3543,Leeds Grenville and Lanark
475,V7M,NORTH VANCOUVER,59,5903,Vancouver Coastal,595,Vancouver Coastal
476,L7S,BURLINGTON,35,3536,Halton Region Health Department,3536,Halton
477,M6S,TORONTO,35,3595,Toronto Public Health,3595,Toronto
478,M9A,ETOBICOKE,35,3595,Toronto Public Health,3595,Toronto
479,L4G,AURORA,35,3570,York Region Public Health,3570,York
480,L6H,OAKVILLE,35,3536,Halton Region Health Department,3536,Halton
481,T5R,EDMONTON,48,4834,Edmonton Zone,4834,Edmonton
482,T9V,LLOYDMINSTER,48,4833,Central Zone,4833,Central
483,S4T,REGINA,47,4705,Regina,475,Regina
484,T2E,CALGARY,48,4832,Calgary Zone,4832,Calgary
485,V7N,NORTH VANCOUVER,59,5903,Vancouver Coastal,595,Vancouver Coastal
486,T3K,CALGARY,48,4832,Calgary Zone,4832,Calgary
487,T5P,EDMONTON,48,4834,Edmonton Zone,4834,Edmonton
488,M1L,SCARBOROUGH,35,3595,Toronto Public Health,3595,Toronto
489,T0C,STETTLER,48,4833,Central Zone,4833,Central
490,H2G,MONTREAL,24,2406,Région de Montréal,2406,Montréal
491,T5L,EDMONTON,48,4834,Edmonton Zone,4834,Edmonton
492,K1T,GLOUCESTER,35,3551,Ottawa Public Health,3551,Ottawa
493,H1G,MONTREAL-NORD,24,2406,Région de Montréal,2406,Montréal
494,H4B,MONTREAL,24,2406,Région de Montréal,2406,Montréal
495,H3L,MONTREAL,24,2406,Région de Montréal,2406,Montréal
496,V1R,TRAIL,59,5901,Interior,592,Interior
497,T5Z,EDMONTON,48,4834,Edmonton Zone,4834,Edmonton
498,T2W,CALGARY,48,4832,Calgary Zone,4832,Calgary
499,H3M,MONTREAL,24,2406,Région de Montréal,2406,Montréal
500,V7L,NORTH VANCOUVER,59,5903,Vancouver Coastal,595,Vancouver Coastal
501,K7M,KINGSTON,35,3541,"Kingston, Frontenac and Lennox and Addington Health Unit",3541,Kingston Frontenac Lennox & Addington
502,N2A,KITCHENER,35,3565,"Region of Waterloo, Public Health",3565,Waterloo
503,T6H,EDMONTON,48,4834,Edmonton Zone,4834,Edmonton
504,H2T,MONTREAL,24,2406,Région de Montréal,2406,Montréal
505,B0P,BERWICK,12,1201,Zone 1 - Western,1201,Zone 1 - Western
506,V6G,VANCOUVER,59,5903,Vancouver Coastal,595,Vancouver Coastal
507,H4V,MONTREAL,24,2406,Région de Montréal,2406,Montréal
508,T0A,ST PAUL,48,4835,North Zone,4835,North
509,T4H,OLDS,48,4833,Central Zone,4833,Central
510,H9R,POINTE-CLAIRE,24,2406,Région de Montréal,2406,Montréal
511,M3H,NORTH YORK,35,3595,Toronto Public Health,3595,Toronto
512,M4W,TORONTO,35,3595,Toronto Public Health,3595,Toronto
513,T4T,ROCKY MOUNTAIN HOUSE,48,4833,Central Zone,4833,Central
514,V5H,BURNABY,59,5902,Fraser,591,Fraser
515,M4L,TORONTO,35,3595,Toronto Public Health,3595,Toronto
516,H1V,MONTREAL,24,2406,Région de Montréal,2406,Montréal
517,J4X,BROSSARD,24,2416,Région de la Montérégie,2416,Montérégie
518,T3H,CALGARY,48,4832,Calgary Zone,4832,Calgary
519,V3R,SURREY,59,5902,Fraser,591,Fraser
520,V6Y,RICHMOND,59,5903,Vancouver Coastal,595,Vancouver Coastal
521,M6G,TORONTO,35,3595,Toronto Public Health,3595,Toronto
522,K4A,ORLEANS,35,3551,Ottawa Public Health,3551,Ottawa
523,R1C,NAROL,46,4603,Interlake-Eastern Regional Health Authority,4603,Interlake-Eastern
524,H9B,DOLLARD-DES-ORMEAUX,24,2406,Région de Montréal,2406,Montréal
525,V8T,VICTORIA,59,5904,Vancouver Island,593,Island
526,T0M,RED DEER COUNTY,48,4833,Central Zone,4833,Central
527,E2A,BATHURST,13,1306,Zone 6 (Bathurst area),1306,Zone 6 (Bathurst area)
528,J8V,CANTLEY,24,2407,Région de l'Outaouais,2407,Outaouais
529,V5H,BURNABY,59,5902,Fraser,591,Fraser
530,V1S,KAMLOOPS,59,5901,Interior,592,Interior
531,A1Y,CARBONEAR,10,1011,Eastern Regional Health Authority,1011,Eastern
532,V5K,VANCOUVER,59,5903,Vancouver Coastal,595,Vancouver Coastal
533,R2N,WINNIPEG,46,4601,Winnipeg Regional Health Authority,4601,Winnipeg
534,R0K,CARBERRY,46,4602,Prairie Mountain Health,4602,Prairie Mountain
535,G4R,SEPT-ILES,24,2409,Région de la Côte-Nord,2409,Côte-Nord
536,R0A,NIVERVILLE,46,4605,Southern Health—Santé Sud,4605,Southern Health
537,R2J,WINNIPEG,46,4601,Winnipeg Regional Health Authority,4601,Winnipeg
538,A2H,CORNER BROOK,10,1013,Western Regional Health Authority,1013,Western
539,V2B,KAMLOOPS,59,5901,Interior,592,Interior
540,R3B,WINNIPEG,46,4601,Winnipeg Regional Health Authority,4601,Winnipeg
541,L4H,WOODBRIDGE,35,3570,York Region Public Health,3570,York
542,M1S,SCARBOROUGH,35,3595,Toronto Public Health,3595,Toronto
543,E5T,NORTON,13,1302,Zone 2 (Saint John area),1302,Zone 2 (Saint John area)
544,N2M,KITCHENER,35,3565,"Region of Waterloo, Public Health",3565,Waterloo
545,H8P,LASALLE,24,2406,Région de Montréal,2406,Montréal
546,J7Z,SAINT-JEROME,24,2415,Région des Laurentides,2415,Laurentides
547,K0L,DOURO-DUMMER,35,3555,Peterborough Public Health,3555,Peterborough
548,M1R,SCARBOROUGH,35,3595,Toronto Public Health,3595,Toronto
549,G5A,LA MALBAIE,24,2403,Région de la Capitale-Nationale,2403,Capitale-Nationale
550,T6K,EDMONTON,48,4834,Edmonton Zone,4834,Edmonton
551,K0M,MINDEN,35,3535,"Haliburton, Kawartha, Pine Ridge District Health Unit",3535,Haliburton Kawartha Pineridge
552,V3T,SURREY,59,5902,Fraser,591,Fraser
553,G0A,BOISCHATEL,24,2403,Région de la Capitale-Nationale,2403,Capitale-Nationale
554,T5H,EDMONTON,48,4834,Edmonton Zone,4834,Edmonton
555,A1N,MOUNT PEARL,10,1011,Eastern Regional Health Authority,1011,Eastern
556,A1G,ST. JOHN'S,10,1011,Eastern Regional Health Authority,1011,Eastern
557,N9Y,KINGSVILLE,35,3568,Windsor-Essex County Health Unit,3568,Windsor-Essex
558,L6H,OAKVILLE,35,3536,Halton Region Health Department,3536,Halton
559,L3T,THORNHILL,35,3570,York Region Public Health,3570,York
560,L8E,STONEY CREEK,35,3537,Hamilton Public Health Services,3537,Hamilton
561,N4X,ST MARYS,35,3539,Huron Perth Health Unit,3539,Huron Perth
562,M5R,TORONTO,35,3595,Toronto Public Health,3595,Toronto
563,B3P,HALIFAX,12,1204,Zone 4 - Central,1204,Zone 4 - Central
564,L4P,KESWICK,35,3570,York Region Public Health,3570,York
565,V3B,PORT COQUITLAM,59,5902,Fraser,591,Fraser
566,L7M,BURLINGTON,35,3536,Halton Region Health Department,3536,Halton
567,T5K,EDMONTON,48,4834,Edmonton Zone,4834,Edmonton
568,E3Z,GRAND-SAULT/GRAND FALLS,13,1304,Zone 4 (Edmundston area),1304,Zone 4 (Edmundston area)
569,L8K,HAMILTON,35,3537,Hamilton Public Health Services,3537,Hamilton
570,L9S,INNISFIL,35,3560,Simcoe Muskoka District Health Unit,3560,Simcoe Muskoka
571,M6H,TORONTO,35,3595,Toronto Public Health,3595,Toronto
572,S6H,MOOSE JAW,47,4706,South,476,South
573,P7C,THUNDER BAY,35,3562,Thunder Bay District Health Unit,3562,Thunder Bay
574,R2P,WINNIPEG,46,4601,Winnipeg Regional Health Authority,4601,Winnipeg
575,R2K,WINNIPEG,46,4601,Winnipeg Regional Health Authority,4601,Winnipeg
576,V4G,DELTA,59,5902,Fraser,591,Fraser
577,P7E,THUNDER BAY,35,3562,Thunder Bay District Health Unit,3562,Thunder Bay
578,G9H,BECANCOUR,24,2404,Région de la Mauricie et du Centre-du-Québec,2404,Mauricie
579,A1L,PARADISE,10,1011,Eastern Regional Health Authority,1011,Eastern
580,L5V,MISSISSAUGA,35,3553,Peel Public Health,3553,Peel
581,V5A,BURNABY,59,5902,Fraser,591,Fraser
582,K1R,OTTAWA,35,3551,Ottawa Public Health,3551,Ottawa
583,V6M,VANCOUVER,59,5903,Vancouver Coastal,595,Vancouver Coastal
584,T8V,GRANDE PRAIRIE,48,4835,North Zone,4835,North
585,A1K,TORBAY,10,1011,Eastern Regional Health Authority,1011,Eastern
586,N3R,BRANTFORD,35,3527,Brant County Health Unit,3527,Brant
587,L3P,MARKHAM,35,3570,York Region Public Health,3570,York
588,V3M,NEW WESTMINSTER,59,5902,Fraser,591,Fraser
589,V8A,POWELL RIVER,59,5903,Vancouver Coastal,595,Vancouver Coastal
590,V9N,COURTENAY,59,5904,Vancouver Island,593,Island
591,N2P,KITCHENER,35,3565,"Region of Waterloo, Public Health",3565,Waterloo
592,L9G,ANCASTER,35,3537,Hamilton Public Health Services,3537,Hamilton
593,M6C,YORK,35,3595,Toronto Public Health,3595,Toronto
594,J6N,BEAUHARNOIS,24,2416,Région de la Montérégie,2416,Montérégie
595,L3Y,NEWMARKET,35,3570,York Region Public Health,3570,York
596,H4B,MONTREAL,24,2406,Région de Montréal,2406,Montréal
597,K1S,OTTAWA,35,3551,Ottawa Public Health,3551,Ottawa
598,N1L,GUELPH,35,3566,Wellington-Dufferin-Guelph Health Unit,3566,Wellington Dufferin Guelph
599,E2E,QUISPAMSIS,13,1302,Zone 2 (Saint John area),1302,Zone 2 (Saint John area)
600,V3C,PORT COQUITLAM,59,5902,Fraser,591,Fraser
601,K2B,OTTAWA,35,3551,Ottawa Public Health,3551,Ottawa
602,N9K,WINDSOR,35,3568,Windsor-Essex County Health Unit,3568,Windsor-Essex
603,N9A,WINDSOR,35,3568,Windsor-Essex County Health Unit,3568,Windsor-Essex
604,B2H,NEW GLASGOW,12,1202,Zone 2 - Northern,1202,Zone 2 - Northern
605,N3R,BRANTFORD,35,3527,Brant County Health Unit,3527,Brant
606,E2G,QUISPAMSIS,13,1302,Zone 2 (Saint John area),1302,Zone 2 (Saint John area)
607,N6K,LONDON,35,3544,Middlesex-London Health Unit,3544,Middlesex-London
608,V5Z,VANCOUVER,59,5903,Vancouver Coastal,595,Vancouver Coastal
609,H1T,MONTREAL,24,2406,Région de Montréal,2406,Montréal
610,T6W,EDMONTON,48,4834,Edmonton Zone,4834,Edmonton
611,K1T,GLOUCESTER,35,3551,Ottawa Public Health,3551,Ottawa
612,N3S,BRANTFORD,35,3527,Brant County Health Unit,3527,Brant
613,L9C,HAMILTON,35,3537,Hamilton Public Health Services,3537,Hamilton
614,S4V,REGINA,47,4705,Regina,475,Regina
615,J0B,AUSTIN,24,2405,Région de l'Estrie,2405,Estrie
616,M2L,NORTH YORK,35,3595,Toronto Public Health,3595,Toronto
617,R2C,WINNIPEG,46,4603,Interlake-Eastern Regional Health Authority,4603,Interlake-Eastern
618,V3H,PORT MOODY,59,5902,Fraser,591,Fraser
619,G0K,SAINTE-LUCE,24,2401,Région du Bas-Saint-Laurent,2401,Bas-Saint-Laurent
620,G8T,TROIS-RIVIERES,24,2404,Région de la Mauricie et du Centre-du-Québec,2404,Mauricie
622,J8X,GATINEAU,24,2407,Région de l'Outaouais,2407,Outaouais
623,R2V,WINNIPEG,46,4601,Winnipeg Regional Health Authority,4601,Winnipeg
624,K7V,RENFREW,35,3557,Renfrew County and District Health Unit,3557,Renfrew
625,V9Z,SOOKE,59,5904,Vancouver Island,593,Island
626,L6R,BRAMPTON,35,3553,Peel Public Health,3553,Peel
627,B0N,BROOKFIELD,12,1204,Zone 4 - Central,1204,Zone 4 - Central
628,T1Y,CALGARY,48,4832,Calgary Zone,4832,Calgary
629,N6E,LONDON,35,3544,Middlesex-London Health Unit,3544,Middlesex-London
630,V3C,PORT COQUITLAM,59,5902,Fraser,591,Fraser
631,M1T,SCARBOROUGH,35,3595,Toronto Public Health,3595,Toronto
632,N6G,LONDON,35,3544,Middlesex-London Health Unit,3544,Middlesex-London
633,N8S,WINDSOR,35,3568,Windsor-Essex County Health Unit,3568,Windsor-Essex
634,M1K,SCARBOROUGH,35,3595,Toronto Public Health,3595,Toronto
635,L0S,NIAGARA ON THE LAKE,35,3546,Niagara Region Public Health Department,3546,Niagara
636,K1W,ORLEANS,35,3551,Ottawa Public Health,3551,Ottawa
637,T4B,AIRDRIE,48,4832,Calgary Zone,4832,Calgary
638,H1B,POINTE-AUX-TREMBLES,24,2406,Région de Montréal,2406,Montréal
639,M1E,SCARBOROUGH,35,3595,Toronto Public Health,3595,Toronto
640,A1N,MOUNT PEARL,10,1011,Eastern Regional Health Authority,1011,Eastern
641,V4W,ALDERGROVE,59,5902,Fraser,591,Fraser
642,E8E,CHARLO,13,1305,Zone 5 (Campbellton area),1305,Zone 5 (Campbellton area)
643,T5Y,EDMONTON,48,4834,Edmonton Zone,4834,Edmonton
644,T8H,SHERWOOD PARK,48,4834,Edmonton Zone,4834,Edmonton
645,K4C,CUMBERLAND,35,3551,Ottawa Public Health,3551,Ottawa
646,V3S,SURREY,59,5902,Fraser,591,Fraser
647,V1Y,KELOWNA,59,5901,Interior,592,Interior
648,B0N,BROOKFIELD,12,1204,Zone 4 - Central,1204,Zone 4 - Central
650,B0W,TUSKET,12,1201,Zone 1 - Western,1201,Zone 1 - Western
651,T1K,LETHBRIDGE,48,4831,South Zone,4831,South
652,B1Y,FLORENCE,12,1203,Zone 3 - Eastern,1203,Zone 3 - Eastern
653,V5Y,VANCOUVER,59,5903,Vancouver Coastal,595,Vancouver Coastal
654,N1R,CAMBRIDGE,35,3565,"Region of Waterloo, Public Health",3565,Waterloo
655,P7G,THUNDER BAY,35,3562,Thunder Bay District Health Unit,3562,Thunder Bay
656,T2B,CALGARY,48,4832,Calgary Zone,4832,Calgary
657,H9H,PIERREFONDS,24,2406,Région de Montréal,2406,Montréal
658,M1X,SCARBOROUGH,35,3595,Toronto Public Health,3595,Toronto
659,N5Y,LONDON,35,3544,Middlesex-London Health Unit,3544,Middlesex-London
660,J1E,SHERBROOKE,24,2405,Région de l'Estrie,2405,Estrie
661,V3W,SURREY,59,5902,Fraser,591,Fraser
662,T6E,EDMONTON,48,4834,Edmonton Zone,4834,Edmonton
663,L6M,OAKVILLE,35,3536,Halton Region Health Department,3536,Halton
664,T3H,CALGARY,48,4832,Calgary Zone,4832,Calgary
665,T1K,LETHBRIDGE,48,4831,South Zone,4831,South
666,M2K,NORTH YORK,35,3595,Toronto Public Health,3595,Toronto
667,R2X,WINNIPEG,46,4601,Winnipeg Regional Health Authority,4601,Winnipeg
668,H3C,MONTREAL,24,2406,Région de Montréal,2406,Montréal
669,N0B,PUSLINCH,35,3575,Southwestern Public Health,3575,Southwestern
670,V4B,WHITE ROCK,59,5902,Fraser,591,Fraser
671,B0S,MIDDLETON,12,1201,Zone 1 - Western,1201,Zone 1 - Western
672,L1S,AJAX,35,3530,Durham Region Health Department,3530,Durham
673,V8S,VICTORIA,59,5904,Vancouver Island,593,Island
674,L2A,FORT ERIE,35,3546,Niagara Region Public Health Department,3546,Niagara
675,L0P,CAMPBELLVILLE,35,3536,Halton Region Health Department,3536,Halton
676,K8P,BELLEVILLE,35,3538,Hastings and Prince Edward Counties Health Unit,3538,Hastings Prince Edward
677,H2J,MONTREAL,24,2406,Région de Montréal,2406,Montréal
678,H3H,MONTREAL,24,2406,Région de Montréal,2406,Montréal
679,N2T,WATERLOO,35,3565,"Region of Waterloo, Public Health",3565,Waterloo
680,R0J,NEEPAWA,46,4602,Prairie Mountain Health,4602,Prairie Mountain
681,M5E,TORONTO,35,3595,Toronto Public Health,3595,Toronto
682,P0H,CORBEIL,35,3547,North Bay Parry Sound District Health Unit,3547,North Bay Parry Sound
683,H3S,MONTREAL,24,2406,Région de Montréal,2406,Montréal
684,T8C,SHERWOOD PARK,48,4834,Edmonton Zone,4834,Edmonton
685,V1K,MERRITT,59,5901,Interior,592,Interior
686,M4S,TORONTO,35,3595,Toronto Public Health,3595,Toronto
687,V5P,VANCOUVER,59,5903,Vancouver Coastal,595,Vancouver Coastal
688,H1A,POINTE-AUX-TREMBLES,24,2406,Région de Montréal,2406,Montréal
689,V8B,SQUAMISH,59,5903,Vancouver Coastal,595,Vancouver Coastal
690,N5R,ST THOMAS,35,3575,Southwestern Public Health,3575,Southwestern
691,N7V,SARNIA,35,3542,Lambton Public Health,3542,Lambton
692,K2T,KANATA,35,3551,Ottawa Public Health,3551,Ottawa
693,L5R,MISSISSAUGA,35,3553,Peel Public Health,3553,Peel
694,M2L,NORTH YORK,35,3595,Toronto Public Health,3595,Toronto
696,T2V,CALGARY,48,4832,Calgary Zone,4832,Calgary
697,N1E,GUELPH,35,3566,Wellington-Dufferin-Guelph Health Unit,3566,Wellington Dufferin Guelph
698,V1R,TRAIL,59,5901,Interior,592,Interior
699,L7A,BRAMPTON,35,3553,Peel Public Health,3553,Peel
700,T0B,LEDUC COUNTY,48,4833,Central Zone,4833,Central
701,L8H,HAMILTON,35,3537,Hamilton Public Health Services,3537,Hamilton
702,E8K,BERESFORD,13,1306,Zone 6 (Bathurst area),1306,Zone 6 (Bathurst area)
703,P4N,TIMMINS,35,3556,Porcupine Health Unit,3556,Porcupine
704,V1N,CASTLEGAR,59,5901,Interior,592,Interior
706,N6M,LONDON,35,3544,Middlesex-London Health Unit,3544,Middlesex-London
707,G0C,BONAVENTURE,24,2411,Région de la Gaspésie—Îles-de-la-Madeleine,2411,Gaspésie-Îles-de-la-Madeleine
708,B1L,SYDNEY,12,1203,Zone 3 - Eastern,1203,Zone 3 - Eastern
709,M1B,SCARBOROUGH,35,3595,Toronto Public Health,3595,Toronto
710,L9A,HAMILTON,35,3537,Hamilton Public Health Services,3537,Hamilton
711,T5L,EDMONTON,48,4834,Edmonton Zone,4834,Edmonton
712,V2J,QUESNEL,59,5905,Northern,594,Northern
713,H4V,MONTREAL,24,2406,Région de Montréal,2406,Montréal
714,G0W,SAINT-GEDEON,24,2402,Région du Saguenay—Lac-Saint-Jean,2402,Saguenay
715,N5X,LONDON,35,3544,Middlesex-London Health Unit,3544,Middlesex-London
716,V1L,NELSON,59,5901,Interior,592,Interior
717,K4B,NAVAN,35,3551,Ottawa Public Health,3551,Ottawa
718,V7T,WEST VANCOUVER,59,5903,Vancouver Coastal,595,Vancouver Coastal
719,L4X,MISSISSAUGA,35,3553,Peel Public Health,3553,Peel
720,S4N,REGINA,47,4705,Regina,475,Regina
721,H7V,LAVAL,24,2413,Région de Laval,2413,Laval
722,S0H,GRAVELBOURG,47,4706,South,476,South
723,L2S,ST CATHARINES,35,3546,Niagara Region Public Health Department,3546,Niagara
724,J0J,SAINT-CYPRIEN-DE-NAPIERVILLE,24,2405,Région de l'Estrie,2405,Estrie
725,M3A,NORTH YORK,35,3595,Toronto Public Health,3595,Toronto
726,V5K,VANCOUVER,59,5903,Vancouver Coastal,595,Vancouver Coastal
727,N8X,WINDSOR,35,3568,Windsor-Essex County Health Unit,3568,Windsor-Essex
728,V6V,RICHMOND,59,5903,Vancouver Coastal,595,Vancouver Coastal
729,A0C,BLOOMFIELD,10,1011,Eastern Regional Health Authority,1011,Eastern
730,T0B,LEDUC COUNTY,48,4833,Central Zone,4833,Central
731,V5Z,VANCOUVER,59,5903,Vancouver Coastal,595,Vancouver Coastal
732,V4N,SURREY,59,5902,Fraser,591,Fraser
733,R7C,BRANDON,46,4602,Prairie Mountain Health,4602,Prairie Mountain
734,B3Z,UPPER TANTALLON,12,1204,Zone 4 - Central,1204,Zone 4 - Central
735,J5R,LA PRAIRIE,24,2416,Région de la Montérégie,2416,Montérégie
736,N6K,LONDON,35,3544,Middlesex-London Health Unit,3544,Middlesex-London
737,H2S,MONTREAL,24,2406,Région de Montréal,2406,Montréal
738,M1C,SCARBOROUGH,35,3595,Toronto Public Health,3595,Toronto
739,N6A,LONDON,35,3544,Middlesex-London Health Unit,3544,Middlesex-London
740,J9T,AMOS,24,2408,Région de l'Abitibi-Témiscamingue,2408,Abitibi-Témiscamingue
741,A1V,GANDER,10,1012,Central Regional Health Authority,1012,Central
742,T9V,LLOYDMINSTER,48,4833,Central Zone,4833,Central
743,T0H,HIGH LEVEL,48,4835,North Zone,4835,North
744,H3Y,WESTMOUNT,24,2406,Région de Montréal,2406,Montréal
745,T6B,EDMONTON,48,4834,Edmonton Zone,4834,Edmonton
746,L2V,THOROLD,35,3546,Niagara Region Public Health Department,3546,Niagara
747,H4G,VERDUN,24,2406,Région de Montréal,2406,Montréal
748,E3C,FREDERICTON,13,1303,Zone 3 (Fredericton area),1303,Zone 3 (Fredericton area)
749,M4A,NORTH YORK,35,3595,Toronto Public Health,3595,Toronto
750,J6K,CHATEAUGUAY,24,2416,Région de la Montérégie,2416,Montérégie
751,M1R,SCARBOROUGH,35,3595,Toronto Public Health,3595,Toronto
752,N0G,MOUNT FOREST,35,3533,Grey Bruce Health Unit,3533,Grey Bruce
753,K2G,NEPEAN,35,3551,Ottawa Public Health,3551,Ottawa
754,V8L,NORTH SAANICH,59,5904,Vancouver Island,593,Island
755,E7C,SAINT-BASILE,13,1304,Zone 4 (Edmundston area),1304,Zone 4 (Edmundston area)
756,R0E,OAKBANK,46,4603,Interlake-Eastern Regional Health Authority,4603,Interlake-Eastern
757,S0G,BALGONIE,47,4705,Regina,475,Regina
758,T5A,EDMONTON,48,4834,Edmonton Zone,4834,Edmonton
759,L0B,ORONO,35,3530,Durham Region Health Department,3530,Durham
760,M1V,SCARBOROUGH,35,3595,Toronto Public Health,3595,Toronto
761,M6P,TORONTO,35,3595,Toronto Public Health,3595,Toronto
762,L8P,HAMILTON,35,3537,Hamilton Public Health Services,3537,Hamilton
763,S4N,REGINA,47,4705,Regina,475,Regina
764,V9G,LADYSMITH,59,5904,Vancouver Island,593,Island
765,V3Y,PITT MEADOWS,59,5902,Fraser,591,Fraser
766,K0M,MINDEN,35,3535,"Haliburton, Kawartha, Pine Ridge District Health Unit",3535,Haliburton Kawartha Pineridge
767,V7E,RICHMOND,59,5903,Vancouver Coastal,595,Vancouver Coastal
768,J8P,GATINEAU,24,2407,Région de l'Outaouais,2407,Outaouais
769,T1V,HIGH RIVER,48,4832,Calgary Zone,4832,Calgary
770,T6H,EDMONTON,48,4834,Edmonton Zone,4834,Edmonton
771,A0A,HOLYROOD,10,1011,Eastern Regional Health Authority,1011,Eastern
772,V9T,NANAIMO,59,5904,Vancouver Island,593,Island
773,S7C,RM OF DUNDURN,47,4704,Saskatoon,474,Saskatoon
774,L2P,ST CATHARINES,35,3546,Niagara Region Public Health Department,3546,Niagara
775,P3P,HANMER,35,3561,Sudbury and District Health Unit,3561,Sudbury
776,T6V,EDMONTON,48,4834,Edmonton Zone,4834,Edmonton
777,T2J,CALGARY,48,4832,Calgary Zone,4832,Calgary
778,S0K,WARMAN,47,4703,Central,473,Central
779,N6G,LONDON,35,3544,Middlesex-London Health Unit,3544,Middlesex-London
780,E7H,PERTH-ANDOVER,13,1303,Zone 3 (Fredericton area),1303,Zone 3 (Fredericton area)
781,J3B,SAINT-JEAN-SUR-RICHELIEU,24,2416,Région de la Montérégie,2416,Montérégie
782,H1P,SAINT-LEONARD,24,2406,Région de Montréal,2406,Montréal
783,S0K,WARMAN,47,4703,Central,473,Central
784,T2Y,CALGARY,48,4832,Calgary Zone,4832,Calgary
785,T7A,DRAYTON VALLEY,48,4833,Central Zone,4833,Central
786,K4A,ORLEANS,35,3551,Ottawa Public Health,3551,Ottawa
787,N0E,WATERFORD,35,3534,Haldimand-Norfolk Health Unit,3534,Haldimand-Norfolk
788,M1H,SCARBOROUGH,35,3595,Toronto Public Health,3595,Toronto
789,V8W,VICTORIA,59,5904,Vancouver Island,593,Island
790,S7V,SASKATOON,47,4704,Saskatoon,474,Saskatoon
791,V6H,VANCOUVER,59,5903,Vancouver Coastal,595,Vancouver Coastal
792,K6J,CORNWALL,35,3558,Eastern Ontario Health Unit,3558,Eastern
793,V2A,PENTICTON,59,5901,Interior,592,Interior
794,L4B,RICHMOND HILL,35,3570,York Region Public Health,3570,York
795,V9L,DUNCAN,59,5904,Vancouver Island,593,Island
796,B4N,KENTVILLE,12,1201,Zone 1 - Western,1201,Zone 1 - Western
797,V2S,ABBOTSFORD,59,5902,Fraser,591,Fraser
798,N0K,MITCHELL,35,3539,Huron Perth Health Unit,3539,Huron Perth
799,V3A,LANGLEY,59,5902,Fraser,591,Fraser
800,T3R,CALGARY,48,4832,Calgary Zone,4832,Calgary
801,T0L,DE WINTON,48,4832,Calgary Zone,4832,Calgary
802,P1L,BRACEBRIDGE,35,3560,Simcoe Muskoka District Health Unit,3560,Simcoe Muskoka
803,M3B,NORTH YORK,35,3595,Toronto Public Health,3595,Toronto
804,E4L,SACKVILLE,13,1301,Zone 1 (Moncton area),1301,Zone 1 (Moncton area)
805,R2L,WINNIPEG,46,4601,Winnipeg Regional Health Authority,4601,Winnipeg
806,V1X,KELOWNA,59,5901,Interior,592,Interior
807,V2Y,LANGLEY,59,5902,Fraser,591,Fraser
808,V3E,COQUITLAM,59,5902,Fraser,591,Fraser
809,K2H,NEPEAN,35,3551,Ottawa Public Health,3551,Ottawa
810,H2E,MONTREAL,24,2406,Région de Montréal,2406,Montréal
811,N9E,WINDSOR,35,3568,Windsor-Essex County Health Unit,3568,Windsor-Essex
812,V3R,SURREY,59,5902,Fraser,591,Fraser
813,G1C,QUEBEC,24,2403,Région de la Capitale-Nationale,2403,Capitale-Nationale
814,H4V,MONTREAL,24,2406,Région de Montréal,2406,Montréal
815,N4T,WOODSTOCK,35,3575,Southwestern Public Health,3575,Southwestern
816,T1K,LETHBRIDGE,48,4831,South Zone,4831,South
817,J3Z,SAINT-HUBERT,24,2416,Région de la Montérégie,2416,Montérégie
818,T5R,EDMONTON,48,4834,Edmonton Zone,4834,Edmonton
819,V6M,VANCOUVER,59,5903,Vancouver Coastal,595,Vancouver Coastal
820,K1A,OTTAWA,35,3551,Ottawa Public Health,3551,Ottawa
821,H7G,LAVAL,24,2413,Région de Laval,2413,Laval
822,L9R,ALLISTON,35,3560,Simcoe Muskoka District Health Unit,3560,Simcoe Muskoka
823,K4R,RUSSELL,35,3558,Eastern Ontario Health Unit,3558,Eastern
824,B2N,TRURO,12,1202,Zone 2 - Northern,1202,Zone 2 - Northern
825,B0E,BADDECK,12,1203,Zone 3 - Eastern,1203,Zone 3 - Eastern
826,M5S,TORONTO,35,3595,Toronto Public Health,3595,Toronto
827,L2E,NIAGARA FALLS,35,3546,Niagara Region Public Health Department,3546,Niagara
828,L0J,KLEINBURG,35,3570,York Region Public Health,3570,York
829,N7L,CHATHAM,35,3540,Chatham-Kent Health Unit,3540,Chatham-Kent
830,R3E,WINNIPEG,46,4601,Winnipeg Regional Health Authority,4601,Winnipeg
831,T2P,CALGARY,48,4832,Calgary Zone,4832,Calgary
832,T1P,STRATHMORE,48,4832,Calgary Zone,4832,Calgary
833,N4K,OWEN SOUND,35,3533,Grey Bruce Health Unit,3533,Grey Bruce
834,K6H,CORNWALL,35,3558,Eastern Ontario Health Unit,3558,Eastern
835,L3R,MARKHAM,35,3570,York Region Public Health,3570,York
836,V6E,VANCOUVER,59,5903,Vancouver Coastal,595,Vancouver Coastal
837,B3S,HALIFAX,12,1204,Zone 4 - Central,1204,Zone 4 - Central
838,V0K,100 MILE HOUSE,59,5901,Interior,592,Interior
839,T5C,EDMONTON,48,4834,Edmonton Zone,4834,Edmonton
840,H2V,OUTREMONT,24,2406,Région de Montréal,2406,Montréal
841,T4X,BEAUMONT,48,4834,Edmonton Zone,4834,Edmonton
842,L3X,NEWMARKET,35,3570,York Region Public Health,3570,York
843,L5B,MISSISSAUGA,35,3553,Peel Public Health,3553,Peel
844,R2E,EAST ST PAUL,46,4601,Winnipeg Regional Health Authority,4601,Winnipeg
845,M5M,NORTH YORK,35,3595,Toronto Public Health,3595,Toronto
846,P1B,NORTH BAY,35,3547,North Bay Parry Sound District Health Unit,3547,North Bay Parry Sound
847,T6G,EDMONTON,48,4834,Edmonton Zone,4834,Edmonton
848,L1A,PORT HOPE,35,3535,"Haliburton, Kawartha, Pine Ridge District Health Unit",3535,Haliburton Kawartha Pineridge
849,M4G,EAST YORK,35,3595,Toronto Public Health,3595,Toronto
850,K0C,ALEXANDRIA,35,3558,Eastern Ontario Health Unit,3558,Eastern
851,B1A,GLACE BAY,12,1203,Zone 3 - Eastern,1203,Zone 3 - Eastern
852,T5T,EDMONTON,48,4834,Edmonton Zone,4834,Edmonton
853,A1G,ST. JOHN'S,10,1011,Eastern Regional Health Authority,1011,Eastern
854,C1E,CHARLOTTETOWN,11,1100,Prince Edward Island,1100,Prince Edward Island
855,M1J,SCARBOROUGH,35,3595,Toronto Public Health,3595,Toronto
856,J0G,PIERREVILLE,24,2416,Région de la Montérégie,2416,Montérégie
857,H7M,LAVAL,24,2413,Région de Laval,2413,Laval
858,V5A,BURNABY,59,5902,Fraser,591,Fraser
859,M8X,ETOBICOKE,35,3595,Toronto Public Health,3595,Toronto
860,R6M,MORDEN,46,4605,Southern Health—Santé Sud,4605,Southern Health
861,M9N,NORTH YORK,35,3595,Toronto Public Health,3595,Toronto
862,R2R,WINNIPEG,46,4601,Winnipeg Regional Health Authority,4601,Winnipeg
863,S4R,REGINA,47,4705,Regina,475,Regina
864,V9P,PARKSVILLE,59,5904,Vancouver Island,593,Island
865,T4S,SYLVAN LAKE,48,4833,Central Zone,4833,Central
866,H8S,LACHINE,24,2406,Région de Montréal,2406,Montréal
867,T5W,EDMONTON,48,4834,Edmonton Zone,4834,Edmonton
868,V2Z,LANGLEY,59,5902,Fraser,591,Fraser
869,J4W,BROSSARD,24,2416,Région de la Montérégie,2416,Montérégie
870,V6X,RICHMOND,59,5903,Vancouver Coastal,595,Vancouver Coastal
871,T9K,FORT MCMURRAY,48,4835,North Zone,4835,North
872,H1K,ANJOU,24,2406,Région de Montréal,2406,Montréal
873,T0H,HIGH LEVEL,48,4835,North Zone,4835,North
874,T3M,CALGARY,48,4832,Calgary Zone,4832,Calgary
875,V9B,VICTORIA,59,5904,Vancouver Island,593,Island
876,V7A,RICHMOND,59,5903,Vancouver Coastal,595,Vancouver Coastal
877,R0K,CARBERRY,46,4602,Prairie Mountain Health,4602,Prairie Mountain
878,H8Z,PIERREFONDS,24,2406,Région de Montréal,2406,Montréal
879,J0X,WAKEFIELD,24,2407,Région de l'Outaouais,2407,Outaouais
880,V3N,BURNABY,59,5902,Fraser,591,Fraser
881,H9E,L'ILE-BIZARD,24,2406,Région de Montréal,2406,Montréal
882,T4H,OLDS,48,4833,Central Zone,4833,Central
883,J7W,PINCOURT,24,2416,Région de la Montérégie,2416,Montérégie
884,J8X,GATINEAU,24,2407,Région de l'Outaouais,2407,Outaouais
885,G1N,QUEBEC,24,2403,Région de la Capitale-Nationale,2403,Capitale-Nationale
886,E4G,PENOBSQUIS,13,1302,Zone 2 (Saint John area),1302,Zone 2 (Saint John area)
887,T3J,CALGARY,48,4832,Calgary Zone,4832,Calgary
888,V6T,VANCOUVER,59,5903,Vancouver Coastal,595,Vancouver Coastal
889,T2G,CALGARY,48,4832,Calgary Zone,4832,Calgary
890,V8P,VICTORIA,59,5904,Vancouver Island,593,Island
891,V5X,VANCOUVER,59,5903,Vancouver Coastal,595,Vancouver Coastal
892,S6H,MOOSE JAW,47,4706,South,476,South
893,V0P,SAYWARD,59,5904,Vancouver Island,593,Island
894,V3H,PORT MOODY,59,5902,Fraser,591,Fraser
895,H3X,MONTREAL,24,2406,Région de Montréal,2406,Montréal
896,J2G,GRANBY,24,2405,Région de l'Estrie,2405,Estrie
897,A0L,PASADENA,10,1013,Western Regional Health Authority,1013,Western
898,J2Y,SAINT-JEAN-SUR-RICHELIEU,24,2416,Région de la Montérégie,2416,Montérégie
899,L1V,PICKERING,35,3530,Durham Region Health Department,3530,Durham
900,E4Z,ELGIN,13,1302,Zone 2 (Saint John area),1302,Zone 2 (Saint John area)
901,J0S,SAINT-ANICET,24,2416,Région de la Montérégie,2416,Montérégie
902,A0B,HEART'S DESIRE,10,1011,Eastern Regional Health Authority,1011,Eastern
903,J9X,ROUYN-NORANDA,24,2408,Région de l'Abitibi-Témiscamingue,2408,Abitibi-Témiscamingue
904,A0H,BISHOPS FALLS,10,1012,Central Regional Health Authority,1012,Central
905,G1J,QUEBEC,24,2403,Région de la Capitale-Nationale,2403,Capitale-Nationale
906,V5N,VANCOUVER,59,5903,Vancouver Coastal,595,Vancouver Coastal
907,G0M,SAINT-COME-LINIERE,24,2412,Région de la Chaudière-Appalaches,2412,Chaudière-Appalaches
908,J8T,GATINEAU,24,2407,Région de l'Outaouais,2407,Outaouais
909,H9S,DORVAL,24,2406,Région de Montréal,2406,Montréal
910,R3J,WINNIPEG,46,4601,Winnipeg Regional Health Authority,4601,Winnipeg
911,V5H,BURNABY,59,5902,Fraser,591,Fraser
912,E8C,DALHOUSIE,13,1305,Zone 5 (Campbellton area),1305,Zone 5 (Campbellton area)
913,B0T,SHELBURNE,12,1201,Zone 1 - Western,1201,Zone 1 - Western
914,J7K,MASCOUCHE,24,2414,Région de Lanaudière,2414,Lanaudière
915,H1B,POINTE-AUX-TREMBLES,24,2406,Région de Montréal,2406,Montréal
916,J7R,SAINT-EUSTACHE,24,2415,Région des Laurentides,2415,Laurentides
917,V3N,BURNABY,59,5902,Fraser,591,Fraser
918,G2E,L'ANCIENNE-LORETTE,24,2403,Région de la Capitale-Nationale,2403,Capitale-Nationale
919,H1K,ANJOU,24,2406,Région de Montréal,2406,Montréal
920,B0M,DEBERT,12,1202,Zone 2 - Northern,1202,Zone 2 - Northern
921,E3N,CAMPBELLTON,13,1305,Zone 5 (Campbellton area),1305,Zone 5 (Campbellton area)
922,G9A,TROIS-RIVIERES,24,2404,Région de la Mauricie et du Centre-du-Québec,2404,Mauricie
923,G6P,VICTORIAVILLE,24,2404,Région de la Mauricie et du Centre-du-Québec,2404,Mauricie
924,B2A,NORTH SYDNEY,12,1203,Zone 3 - Eastern,1203,Zone 3 - Eastern
925,H4R,SAINT-LAURENT,24,2406,Région de Montréal,2406,Montréal
926,C1N,SUMMERSIDE,11,1100,Prince Edward Island,1100,Prince Edward Island
927,J6W,TERREBONNE,24,2414,Région de Lanaudière,2414,Lanaudière
928,E2S,ROTHESAY,13,1302,Zone 2 (Saint John area),1302,Zone 2 (Saint John area)
929,T0J,DRUMHELLER,48,4831,South Zone,4831,South
930,J0N,POINTE-CALUMET,24,2415,Région des Laurentides,2415,Laurentides
931,J0X,WAKEFIELD,24,2407,Région de l'Outaouais,2407,Outaouais
932,H3K,MONTREAL,24,2406,Région de Montréal,2406,Montréal
933,H8Z,PIERREFONDS,24,2406,Région de Montréal,2406,Montréal
934,J1X,MAGOG,24,2405,Région de l'Estrie,2405,Estrie
935,H2K,MONTREAL,24,2406,Région de Montréal,2406,Montréal
936,H2N,MONTREAL,24,2406,Région de Montréal,2406,Montréal
937,J9J,GATINEAU,24,2407,Région de l'Outaouais,2407,Outaouais
938,H9H,PIERREFONDS,24,2406,Région de Montréal,2406,Montréal
939,G5Z,SAINT-GEORGES,24,2412,Région de la Chaudière-Appalaches,2412,Chaudière-Appalaches
940,H2T,MONTREAL,24,2406,Région de Montréal,2406,Montréal
941,H1J,ANJOU,24,2406,Région de Montréal,2406,Montréal
942,J0N,POINTE-CALUMET,24,2415,Région des Laurentides,2415,Laurentides
943,J0A,DANVILLE,24,2404,Région de la Mauricie et du Centre-du-Québec,2404,Mauricie
944,H7N,LAVAL,24,2413,Région de Laval,2413,Laval
945,H9R,POINTE-CLAIRE,24,2406,Région de Montréal,2406,Montréal
946,H1X,MONTREAL,24,2406,Région de Montréal,2406,Montréal
947,J4Z,BROSSARD,24,2416,Région de la Montérégie,2416,Montérégie
948,J8L,GATINEAU,24,2407,Région de l'Outaouais,2407,Outaouais
949,J7Y,SAINT-JEROME,24,2415,Région des Laurentides,2415,Laurentides
950,G8C,ALMA,24,2402,Région du Saguenay—Lac-Saint-Jean,2402,Saguenay
951,H2L,MONTREAL,24,2406,Région de Montréal,2406,Montréal
952,K1K,OTTAWA,35,3551,Ottawa Public Health,3551,Ottawa
953,G1H,QUEBEC,24,2403,Région de la Capitale-Nationale,2403,Capitale-Nationale
954,J9H,GATINEAU,24,2407,Région de l'Outaouais,2407,Outaouais
955,G6L,PLESSISVILLE,24,2404,Région de la Mauricie et du Centre-du-Québec,2404,Mauricie
956,G5L,RIMOUSKI,24,2401,Région du Bas-Saint-Laurent,2401,Bas-Saint-Laurent
957,J0Z,ROUYN-NORANDA,24,2408,Région de l'Abitibi-Témiscamingue,2408,Abitibi-Témiscamingue
958,J4X,BROSSARD,24,2416,Région de la Montérégie,2416,Montérégie
959,H2K,MONTREAL,24,2406,Région de Montréal,2406,Montréal
960,H3W,MONTREAL,24,2406,Région de Montréal,2406,Montréal
961,G0A,BOISCHATEL,24,2403,Région de la Capitale-Nationale,2403,Capitale-Nationale
962,H1Z,MONTREAL,24,2406,Région de Montréal,2406,Montréal
963,G5Y,SAINT-GEORGES,24,2412,Région de la Chaudière-Appalaches,2412,Chaudière-Appalaches
964,J4Y,BROSSARD,24,2416,Région de la Montérégie,2416,Montérégie
965,H2L,MONTREAL,24,2406,Région de Montréal,2406,Montréal
966,H3W,MONTREAL,24,2406,Région de Montréal,2406,Montréal
967,J0E,SUTTON,24,2405,Région de l'Estrie,2405,Estrie
968,H9P,DORVAL,24,2406,Région de Montréal,2406,Montréal
969,H8P,LASALLE,24,2406,Région de Montréal,2406,Montréal
970,J2K,COWANSVILLE,24,2405,Région de l'Estrie,2405,Estrie
971,G0K,SAINTE-LUCE,24,2401,Région du Bas-Saint-Laurent,2401,Bas-Saint-Laurent
972,J8Y,GATINEAU,24,2407,Région de l'Outaouais,2407,Outaouais
973,J4R,SAINT-LAMBERT,24,2416,Région de la Montérégie,2416,Montérégie
974,J6Y,TERREBONNE,24,2414,Région de Lanaudière,2414,Lanaudière
975,H3Z,WESTMOUNT,24,2406,Région de Montréal,2406,Montréal
976,J3Y,SAINT-HUBERT,24,2416,Région de la Montérégie,2416,Montérégie
977,H4L,SAINT-LAURENT,24,2406,Région de Montréal,2406,Montréal
978,G8A,JONQUIERE,24,2402,Région du Saguenay—Lac-Saint-Jean,2402,Saguenay
979,L0A,MILLBROOK,35,3535,"Haliburton, Kawartha, Pine Ridge District Health Unit",3535,Haliburton Kawartha Pineridge
980,V5X,VANCOUVER,59,5903,Vancouver Coastal,595,Vancouver Coastal
981,L6Z,BRAMPTON,35,3553,Peel Public Health,3553,Peel
982,N0H,PORT ELGIN,35,3533,Grey Bruce Health Unit,3533,Grey Bruce
983,H7X,LAVAL,24,2413,Région de Laval,2413,Laval
984,N7M,CHATHAM,35,3540,Chatham-Kent Health Unit,3540,Chatham-Kent
985,M6C,YORK,35,3595,Toronto Public Health,3595,Toronto
986,J7V,VAUDREUIL-DORION,24,2416,Région de la Montérégie,2416,Montérégie
987,N5X,LONDON,35,3544,Middlesex-London Health Unit,3544,Middlesex-London
988,R3N,WINNIPEG,46,4601,Winnipeg Regional Health Authority,4601,Winnipeg
989,S0G,BALGONIE,47,4705,Regina,475,Regina
990,J2J,GRANBY,24,2405,Région de l'Estrie,2405,Estrie
991,T4A,AIRDRIE,48,4832,Calgary Zone,4832,Calgary
992,K7P,KINGSTON,35,3541,"Kingston, Frontenac and Lennox and Addington Health Unit",3541,Kingston Frontenac Lennox & Addington
993,K8N,BELLEVILLE,35,3538,Hastings and Prince Edward Counties Health Unit,3538,Hastings Prince Edward
994,G1K,QUEBEC,24,2403,Région de la Capitale-Nationale,2403,Capitale-Nationale
995,K2R,NEPEAN,35,3551,Ottawa Public Health,3551,Ottawa
996,P3E,SUDBURY,35,3561,Sudbury and District Health Unit,3561,Sudbury
997,T8R,MORINVILLE,48,4834,Edmonton Zone,4834,Edmonton
998,P0N,PORCUPINE,35,3556,Porcupine Health Unit,3556,Porcupine
999,M1W,SCARBOROUGH,35,3595,Toronto Public Health,3595,Toronto
1000,K1B,GLOUCESTER,35,3551,Ottawa Public Health,3551,Ottawa
1001,R5A,GRANDE POINTE,46,4605,Southern Health—Santé Sud,4605,Southern Health
1002,M3A,NORTH YORK,35,3595,Toronto Public Health,3595,Toronto
1003,L0L,TINY,35,3560,Simcoe Muskoka District Health Unit,3560,Simcoe Muskoka
1004,L4Y,MISSISSAUGA,35,3553,Peel Public Health,3553,Peel
1005,N8W,WINDSOR,35,3568,Windsor-Essex County Health Unit,3568,Windsor-Essex
1006,L5G,MISSISSAUGA,35,3553,Peel Public Health,3553,Peel
1007,G2C,QUEBEC,24,2403,Région de la Capitale-Nationale,2403,Capitale-Nationale
1008,K1H,OTTAWA,35,3551,Ottawa Public Health,3551,Ottawa
1009,R2J,WINNIPEG,46,4601,Winnipeg Regional Health Authority,4601,Winnipeg
1010,N0G,MOUNT FOREST,35,3533,Grey Bruce Health Unit,3533,Grey Bruce
1011,M4G,EAST YORK,35,3595,Toronto Public Health,3595,Toronto
1012,T5H,EDMONTON,48,4834,Edmonton Zone,4834,Edmonton
1013,M4S,TORONTO,35,3595,Toronto Public Health,3595,Toronto
1014,M3C,NORTH YORK,35,3595,Toronto Public Health,3595,Toronto
1015,G2J,QUEBEC,24,2403,Région de la Capitale-Nationale,2403,Capitale-Nationale
1016,L8V,HAMILTON,35,3537,Hamilton Public Health Services,3537,Hamilton
1017,T1J,LETHBRIDGE,48,4831,South Zone,4831,South
1018,L9W,ORANGEVILLE,35,3566,Wellington-Dufferin-Guelph Health Unit,3566,Wellington Dufferin Guelph
1019,N0L,KOMOKA,35,3575,Southwestern Public Health,3575,Southwestern
1020,H1X,MONTREAL,24,2406,Région de Montréal,2406,Montréal
1021,H7R,LAVAL,24,2413,Région de Laval,2413,Laval
1022,L9X,MIDHURST,35,3560,Simcoe Muskoka District Health Unit,3560,Simcoe Muskoka
1023,P8T,SIOUX LOOKOUT,35,3549,Northwestern Health Unit,3549,Northwestern
1024,N3R,BRANTFORD,35,3527,Brant County Health Unit,3527,Brant
1025,M6S,TORONTO,35,3595,Toronto Public Health,3595,Toronto
1026,L9T,MILTON,35,3536,Halton Region Health Department,3536,Halton
1027,V5N,VANCOUVER,59,5903,Vancouver Coastal,595,Vancouver Coastal
1028,L1X,PICKERING,35,3530,Durham Region Health Department,3530,Durham
1029,R5G,STEINBACH,46,4605,Southern Health—Santé Sud,4605,Southern Health
1031,P1P,GRAVENHURST,35,3560,Simcoe Muskoka District Health Unit,3560,Simcoe Muskoka
1032,M5J,TORONTO,35,3595,Toronto Public Health,3595,Toronto
1033,K7R,NAPANEE,35,3541,"Kingston, Frontenac and Lennox and Addington Health Unit",3541,Kingston Frontenac Lennox & Addington
1034,L4J,THORNHILL,35,3570,York Region Public Health,3570,York
1035,S4P,REGINA,47,4705,Regina,475,Regina
1036,P8N,DRYDEN,35,3549,Northwestern Health Unit,3549,Northwestern
1037,N6H,LONDON,35,3544,Middlesex-London Health Unit,3544,Middlesex-London
1038,L5H,MISSISSAUGA,35,3553,Peel Public Health,3553,Peel
1039,L3V,ORILLIA,35,3560,Simcoe Muskoka District Health Unit,3560,Simcoe Muskoka
1040,J7V,VAUDREUIL-DORION,24,2416,Région de la Montérégie,2416,Montérégie
1041,N5P,ST THOMAS,35,3575,Southwestern Public Health,3575,Southwestern
1042,P6A,SAULT STE. MARIE,35,3526,Algoma Public Health Unit,3526,Algoma
1043,R3G,WINNIPEG,46,4601,Winnipeg Regional Health Authority,4601,Winnipeg
1044,P7C,THUNDER BAY,35,3562,Thunder Bay District Health Unit,3562,Thunder Bay
1045,V4R,MAPLE RIDGE,59,5902,Fraser,591,Fraser
1046,J0K,RAWDON,24,2414,Région de Lanaudière,2414,Lanaudière
1047,L1G,OSHAWA,35,3530,Durham Region Health Department,3530,Durham
1048,P0A,DUNCHURCH,35,3547,North Bay Parry Sound District Health Unit,3547,North Bay Parry Sound
1049,L7T,BURLINGTON,35,3536,Halton Region Health Department,3536,Halton
1050,L8B,WATERDOWN,35,3537,Hamilton Public Health Services,3537,Hamilton
1051,R3R,WINNIPEG,46,4601,Winnipeg Regional Health Authority,4601,Winnipeg
1052,P2A,SEGUIN,35,3547,North Bay Parry Sound District Health Unit,3547,North Bay Parry Sound
1053,P0M,CHELMSFORD,35,3561,Sudbury and District Health Unit,3561,Sudbury
1054,K0E,PRESCOTT,35,3543,"Leeds, Grenville and Lanark District Health Unit",3543,Leeds Grenville and Lanark
1055,S7H,SASKATOON,47,4704,Saskatoon,474,Saskatoon
1056,N4L,MEAFORD,35,3533,Grey Bruce Health Unit,3533,Grey Bruce
1057,L1K,OSHAWA,35,3530,Durham Region Health Department,3530,Durham
1058,M3C,NORTH YORK,35,3595,Toronto Public Health,3595,Toronto
1059,J0H,ACTON VALE,24,2416,Région de la Montérégie,2416,Montérégie
1060,H8N,LASALLE,24,2406,Région de Montréal,2406,Montréal
1061,M1K,SCARBOROUGH,35,3595,Toronto Public Health,3595,Toronto
1062,P0J,NEW LISKEARD,35,3563,Timiskaming Health Unit,3563,Timiskaming
1063,M4M,TORONTO,35,3595,Toronto Public Health,3595,Toronto
1064,K7L,KINGSTON,35,3541,"Kingston, Frontenac and Lennox and Addington Health Unit",3541,Kingston Frontenac Lennox & Addington
1065,L0M,ANGUS,35,3566,Wellington-Dufferin-Guelph Health Unit,3566,Wellington Dufferin Guelph
1066,K1G,OTTAWA,35,3551,Ottawa Public Health,3551,Ottawa
1067,R0E,OAKBANK,46,4603,Interlake-Eastern Regional Health Authority,4603,Interlake-Eastern
1068,V4L,DELTA,59,5902,Fraser,591,Fraser
1069,M1M,SCARBOROUGH,35,3595,Toronto Public Health,3595,Toronto
1070,N0R,BELLE RIVER,35,3568,Windsor-Essex County Health Unit,3568,Windsor-Essex
1071,P3B,SUDBURY,35,3561,Sudbury and District Health Unit,3561,Sudbury
1072,T1H,LETHBRIDGE,48,4831,South Zone,4831,South
1073,L4X,MISSISSAUGA,35,3553,Peel Public Health,3553,Peel
1074,N9G,WINDSOR,35,3568,Windsor-Essex County Health Unit,3568,Windsor-Essex
1075,J0R,SAINT-SAUVEUR,24,2415,Région des Laurentides,2415,Laurentides
1076,R0G,ALTONA,46,4605,Southern Health—Santé Sud,4605,Southern Health
1077,L3T,THORNHILL,35,3570,York Region Public Health,3570,York
1078,L5N,MISSISSAUGA,35,3553,Peel Public Health,3553,Peel
1079,G0N,ADSTOCK,24,2412,Région de la Chaudière-Appalaches,2412,Chaudière-Appalaches
1080,V7K,NORTH VANCOUVER,59,5903,Vancouver Coastal,595,Vancouver Coastal
1081,K6A,HAWKESBURY,35,3558,Eastern Ontario Health Unit,3558,Eastern
1082,L6B,MARKHAM,35,3570,York Region Public Health,3570,York
1083,N6A,LONDON,35,3544,Middlesex-London Health Unit,3544,Middlesex-London
1084,M6G,TORONTO,35,3595,Toronto Public Health,3595,Toronto
1085,T2H,CALGARY,48,4832,Calgary Zone,4832,Calgary
1086,L1C,BOWMANVILLE,35,3530,Durham Region Health Department,3530,Durham
1087,L2T,ST CATHARINES,35,3546,Niagara Region Public Health Department,3546,Niagara
1088,M9W,ETOBICOKE,35,3595,Toronto Public Health,3595,Toronto
1089,N2N,KITCHENER,35,3565,"Region of Waterloo, Public Health",3565,Waterloo
1090,N5Z,LONDON,35,3544,Middlesex-London Health Unit,3544,Middlesex-London
1091,T3K,CALGARY,48,4832,Calgary Zone,4832,Calgary
1092,L7G,GEORGETOWN,35,3536,Halton Region Health Department,3536,Halton
1093,L5N,MISSISSAUGA,35,3553,Peel Public Health,3553,Peel
1094,N8A,WALLACEBURG,35,3540,Chatham-Kent Health Unit,3540,Chatham-Kent
1095,K1E,ORLEANS,35,3551,Ottawa Public Health,3551,Ottawa
1096,M6E,YORK,35,3595,Toronto Public Health,3595,Toronto
1097,K1H,OTTAWA,35,3551,Ottawa Public Health,3551,Ottawa
1098,L0G,MOUNT ALBERT,35,3560,Simcoe Muskoka District Health Unit,3560,Simcoe Muskoka
1099,L0R,BEAMSVILLE,35,3546,Niagara Region Public Health Department,3546,Niagara
1100,N8Y,WINDSOR,35,3568,Windsor-Essex County Health Unit,3568,Windsor-Essex
1101,N0C,MARKDALE,35,3533,Grey Bruce Health Unit,3533,Grey Bruce
1102,M4X,TORONTO,35,3595,Toronto Public Health,3595,Toronto
1103,H3E,VERDUN,24,2406,Région de Montréal,2406,Montréal
1104,P0P,MASSEY,35,3561,Sudbury and District Health Unit,3561,Sudbury
1105,H1N,MONTREAL,24,2406,Région de Montréal,2406,Montréal
1106,N5L,PORT STANLEY,35,3575,Southwestern Public Health,3575,Southwestern
1107,T5M,EDMONTON,48,4834,Edmonton Zone,4834,Edmonton
1108,N9J,WINDSOR,35,3568,Windsor-Essex County Health Unit,3568,Windsor-Essex
1109,J9Y,ROUYN-NORANDA,24,2408,Région de l'Abitibi-Témiscamingue,2408,Abitibi-Témiscamingue
1110,V7S,WEST VANCOUVER,59,5903,Vancouver Coastal,595,Vancouver Coastal
1111,M3M,NORTH YORK,35,3595,Toronto Public Health,3595,Toronto
1112,L1N,WHITBY,35,3530,Durham Region Health Department,3530,Durham
1113,V2K,PRINCE GEORGE,59,5905,Northern,594,Northern
1114,P3Y,LIVELY,35,3561,Sudbury and District Health Unit,3561,Sudbury
1115,M4C,EAST YORK,35,3595,Toronto Public Health,3595,Toronto
1116,V2P,CHILLIWACK,59,5902,Fraser,591,Fraser
1117,N3A,NEW HAMBURG,35,3565,"Region of Waterloo, Public Health",3565,Waterloo
1118,S7N,SASKATOON,47,4704,Saskatoon,474,Saskatoon
1119,M5T,TORONTO,35,3595,Toronto Public Health,3595,Toronto
1120,S4X,REGINA,47,4705,Regina,475,Regina
1121,H9G,DOLLARD-DES-ORMEAUX,24,2406,Région de Montréal,2406,Montréal
1122,L7E,BOLTON,35,3553,Peel Public Health,3553,Peel
1123,K4K,ROCKLAND,35,3558,Eastern Ontario Health Unit,3558,Eastern
1124,P2N,KIRKLAND LAKE,35,3563,Timiskaming Health Unit,3563,Timiskaming
1125,R3X,WINNIPEG,46,4601,Winnipeg Regional Health Authority,4601,Winnipeg
1126,S7T,SASKATOON,47,4704,Saskatoon,474,Saskatoon
1127,V1M,LANGLEY,59,5902,Fraser,591,Fraser
1128,K7H,PERTH,35,3543,"Leeds, Grenville and Lanark District Health Unit",3543,Leeds Grenville and Lanark
1129,R3X,WINNIPEG,46,4601,Winnipeg Regional Health Authority,4601,Winnipeg
1130,S7S,SASKATOON,47,4704,Saskatoon,474,Saskatoon
1131,M4P,TORONTO,35,3595,Toronto Public Health,3595,Toronto
1132,K0J,COBDEN,35,3557,Renfrew County and District Health Unit,3557,Renfrew
1133,K2W,KANATA,35,3551,Ottawa Public Health,3551,Ottawa
1134,V3L,NEW WESTMINSTER,59,5902,Fraser,591,Fraser
1135,L9Y,COLLINGWOOD,35,3560,Simcoe Muskoka District Health Unit,3560,Simcoe Muskoka
1136,T4G,RED DEER COUNTY,48,4833,Central Zone,4833,Central
1137,H1M,MONTREAL,24,2406,Région de Montréal,2406,Montréal
1138,R3P,WINNIPEG,46,4601,Winnipeg Regional Health Authority,4601,Winnipeg
1139,P0W,EMO,35,3549,Northwestern Health Unit,3549,Northwestern
1140,L8M,HAMILTON,35,3537,Hamilton Public Health Services,3537,Hamilton
1141,M2R,NORTH YORK,35,3595,Toronto Public Health,3595,Toronto
1142,T1A,MEDICINE HAT,48,4831,South Zone,4831,South
1143,H8R,LASALLE,24,2406,Région de Montréal,2406,Montréal
1144,S9H,SWIFT CURRENT,47,4706,South,476,South
1145,N0B,PUSLINCH,35,3575,Southwestern Public Health,3575,Southwestern
1146,V5X,VANCOUVER,59,5903,Vancouver Coastal,595,Vancouver Coastal
1147,H7G,LAVAL,24,2413,Région de Laval,2413,Laval
1148,T2E,CALGARY,48,4832,Calgary Zone,4832,Calgary
1149,J0P,RIGAUD,24,2416,Région de la Montérégie,2416,Montérégie
1150,J2J,GRANBY,24,2405,Région de l'Estrie,2405,Estrie
1151,J6T,SALABERRY-DE-VALLEYFIELD,24,2416,Région de la Montérégie,2416,Montérégie
1152,H9G,DOLLARD-DES-ORMEAUX,24,2406,Région de Montréal,2406,Montréal
1153,J5A,SAINT-CONSTANT,24,2416,Région de la Montérégie,2416,Montérégie
1154,G0M,SAINT-COME-LINIERE,24,2412,Région de la Chaudière-Appalaches,2412,Chaudière-Appalaches
1155,G7A,LEVIS,24,2412,Région de la Chaudière-Appalaches,2412,Chaudière-Appalaches
1156,H8N,LASALLE,24,2406,Région de Montréal,2406,Montréal
1157,H4G,VERDUN,24,2406,Région de Montréal,2406,Montréal
1158,J4T,SAINT-HUBERT,24,2416,Région de la Montérégie,2416,Montérégie
1159,H3N,MONTREAL,24,2406,Région de Montréal,2406,Montréal
1160,J2C,DRUMMONDVILLE,24,2404,Région de la Mauricie et du Centre-du-Québec,2404,Mauricie
1161,G0S,SAINT-APOLLINAIRE,24,2404,Région de la Mauricie et du Centre-du-Québec,2404,Mauricie
1162,J2K,COWANSVILLE,24,2405,Région de l'Estrie,2405,Estrie
1163,J3L,CHAMBLY,24,2416,Région de la Montérégie,2416,Montérégie
1164,H9A,DOLLARD-DES-ORMEAUX,24,2406,Région de Montréal,2406,Montréal
1165,H2C,MONTREAL,24,2406,Région de Montréal,2406,Montréal
1166,H2R,MONTREAL,24,2406,Région de Montréal,2406,Montréal
1167,H3G,MONTREAL,24,2406,Région de Montréal,2406,Montréal
1168,J4V,GREENFIELD PARK,24,2416,Région de la Montérégie,2416,Montérégie
1169,J0T,VAL-DAVID,24,2414,Région de Lanaudière,2414,Lanaudière
1170,H1W,MONTREAL,24,2406,Région de Montréal,2406,Montréal
1171,H4E,MONTREAL,24,2406,Région de Montréal,2406,Montréal
1172,T6R,EDMONTON,48,4834,Edmonton Zone,4834,Edmonton
1173,K0A,CARP,35,3543,"Leeds, Grenville and Lanark District Health Unit",3543,Leeds Grenville and Lanark
1174,J0X,WAKEFIELD,24,2407,Région de l'Outaouais,2407,Outaouais
1175,J7J,MIRABEL,24,2415,Région des Laurentides,2415,Laurentides
1176,J7T,SAINT-LAZARE,24,2416,Région de la Montérégie,2416,Montérégie
1177,G7H,CHICOUTIMI,24,2402,Région du Saguenay—Lac-Saint-Jean,2402,Saguenay
1178,H2G,MONTREAL,24,2406,Région de Montréal,2406,Montréal
1179,J8R,GATINEAU,24,2407,Région de l'Outaouais,2407,Outaouais
1180,J6K,CHATEAUGUAY,24,2416,Région de la Montérégie,2416,Montérégie
1181,H2H,MONTREAL,24,2406,Région de Montréal,2406,Montréal
1182,H4E,MONTREAL,24,2406,Région de Montréal,2406,Montréal
1183,H9C,L'ILE-BIZARD,24,2406,Région de Montréal,2406,Montréal
1184,J8T,GATINEAU,24,2407,Région de l'Outaouais,2407,Outaouais
1185,G0P,SAINT-VALERE,24,2404,Région de la Mauricie et du Centre-du-Québec,2404,Mauricie
1186,G5H,MONT-JOLI,24,2401,Région du Bas-Saint-Laurent,2401,Bas-Saint-Laurent
1187,G8Y,TROIS-RIVIERES,24,2404,Région de la Mauricie et du Centre-du-Québec,2404,Mauricie
1188,H8S,LACHINE,24,2406,Région de Montréal,2406,Montréal
1189,J1T,ASBESTOS,24,2405,Région de l'Estrie,2405,Estrie
1190,J6E,JOLIETTE,24,2414,Région de Lanaudière,2414,Lanaudière
1191,G2C,QUEBEC,24,2403,Région de la Capitale-Nationale,2403,Capitale-Nationale
1192,H1S,SAINT-LEONARD,24,2406,Région de Montréal,2406,Montréal
1194,H9J,KIRKLAND,24,2406,Région de Montréal,2406,Montréal
1195,J6X,TERREBONNE,24,2414,Région de Lanaudière,2414,Lanaudière
1196,H8T,LACHINE,24,2406,Région de Montréal,2406,Montréal
1197,J2X,SAINT-JEAN-SUR-RICHELIEU,24,2416,Région de la Montérégie,2416,Montérégie
1198,H7T,LAVAL,24,2413,Région de Laval,2413,Laval
1199,J3E,SAINTE-JULIE,24,2416,Région de la Montérégie,2416,Montérégie
1200,J5V,LOUISEVILLE,24,2404,Région de la Mauricie et du Centre-du-Québec,2404,Mauricie
1201,J4X,BROSSARD,24,2416,Région de la Montérégie,2416,Montérégie
1202,H7E,LAVAL,24,2413,Région de Laval,2413,Laval
1203,J8G,BROWNSBURG-CHATHAM,24,2415,Région des Laurentides,2415,Laurentides
1204,J4J,LONGUEUIL,24,2416,Région de la Montérégie,2416,Montérégie
1205,G1B,QUEBEC,24,2403,Région de la Capitale-Nationale,2403,Capitale-Nationale
1206,H3N,MONTREAL,24,2406,Région de Montréal,2406,Montréal
1207,J5Y,REPENTIGNY,24,2414,Région de Lanaudière,2414,Lanaudière
1208,J4G,LONGUEUIL,24,2416,Région de la Montérégie,2416,Montérégie
1209,H9S,DORVAL,24,2406,Région de Montréal,2406,Montréal
1210,G3G,QUEBEC,24,2403,Région de la Capitale-Nationale,2403,Capitale-Nationale
1211,J2S,SAINT-HYACINTHE,24,2416,Région de la Montérégie,2416,Montérégie
1212,J4K,LONGUEUIL,24,2416,Région de la Montérégie,2416,Montérégie
1213,H1H,MONTREAL-NORD,24,2406,Région de Montréal,2406,Montréal
1214,J3A,SAINT-JEAN-SUR-RICHELIEU,24,2416,Région de la Montérégie,2416,Montérégie
1215,H7L,LAVAL,24,2413,Région de Laval,2413,Laval
1216,J6K,CHATEAUGUAY,24,2416,Région de la Montérégie,2416,Montérégie
1217,G2K,QUEBEC,24,2403,Région de la Capitale-Nationale,2403,Capitale-Nationale
1218,H1V,MONTREAL,24,2406,Région de Montréal,2406,Montréal
1219,J4B,BOUCHERVILLE,24,2416,Région de la Montérégie,2416,Montérégie
1220,J4G,LONGUEUIL,24,2416,Région de la Montérégie,2416,Montérégie
1221,G3A,SAINT-AUGUSTIN-DE-DESMAURES,24,2403,Région de la Capitale-Nationale,2403,Capitale-Nationale
1222,J3G,BELOEIL,24,2416,Région de la Montérégie,2416,Montérégie
1223,H1N,MONTREAL,24,2406,Région de Montréal,2406,Montréal
1224,J8B,SAINTE-ADELE,24,2415,Région des Laurentides,2415,Laurentides
1225,H4H,VERDUN,24,2406,Région de Montréal,2406,Montréal
1226,H3X,MONTREAL,24,2406,Région de Montréal,2406,Montréal
1227,G5R,RIVIERE-DU-LOUP,24,2401,Région du Bas-Saint-Laurent,2401,Bas-Saint-Laurent
1228,J6Z,LORRAINE,24,2415,Région des Laurentides,2415,Laurentides
1229,J3P,SOREL-TRACY,24,2416,Région de la Montérégie,2416,Montérégie
1231,H9B,DOLLARD-DES-ORMEAUX,24,2406,Région de Montréal,2406,Montréal
1232,J7A,ROSEMERE,24,2415,Région des Laurentides,2415,Laurentides
1233,J4N,LONGUEUIL,24,2416,Région de la Montérégie,2416,Montérégie
1234,J5J,SAINTE-SOPHIE,24,2415,Région des Laurentides,2415,Laurentides
1235,H4L,SAINT-LAURENT,24,2406,Région de Montréal,2406,Montréal
1236,G1V,QUEBEC,24,2403,Région de la Capitale-Nationale,2403,Capitale-Nationale
1237,H4X,MONTREAL-OUEST,24,2406,Région de Montréal,2406,Montréal
1238,G1B,QUEBEC,24,2403,Région de la Capitale-Nationale,2403,Capitale-Nationale
1239,J9H,GATINEAU,24,2407,Région de l'Outaouais,2407,Outaouais
1240,J3V,SAINT-BRUNO,24,2416,Région de la Montérégie,2416,Montérégie
1241,H7V,LAVAL,24,2413,Région de Laval,2413,Laval
1242,J7M,TERREBONNE,24,2414,Région de Lanaudière,2414,Lanaudière
1243,L1V,PICKERING,35,3530,Durham Region Health Department,3530,Durham
1244,M4J,EAST YORK,35,3595,Toronto Public Health,3595,Toronto
1245,H4A,MONTREAL,24,2406,Région de Montréal,2406,Montréal
1246,K8H,PETAWAWA,35,3557,Renfrew County and District Health Unit,3557,Renfrew
1247,H2A,MONTREAL,24,2406,Région de Montréal,2406,Montréal
1248,H2W,MONTREAL,24,2406,Région de Montréal,2406,Montréal
1249,L6E,MARKHAM,35,3570,York Region Public Health,3570,York
1250,K7M,KINGSTON,35,3541,"Kingston, Frontenac and Lennox and Addington Health Unit",3541,Kingston Frontenac Lennox & Addington
1251,R1C,NAROL,46,4603,Interlake-Eastern Regional Health Authority,4603,Interlake-Eastern
1252,K2H,NEPEAN,35,3551,Ottawa Public Health,3551,Ottawa
1253,N8N,WINDSOR,35,3568,Windsor-Essex County Health Unit,3568,Windsor-Essex
1254,L6M,OAKVILLE,35,3536,Halton Region Health Department,3536,Halton
1255,V9J,COURTENAY,59,5904,Vancouver Island,593,Island
1256,T5Y,EDMONTON,48,4834,Edmonton Zone,4834,Edmonton
1257,T7E,YELLOWHEAD COUNTY,48,4835,North Zone,4835,North
1258,K9V,LINDSAY,35,3535,"Haliburton, Kawartha, Pine Ridge District Health Unit",3535,Haliburton Kawartha Pineridge
1259,M5J,TORONTO,35,3595,Toronto Public Health,3595,Toronto
1260,V2Z,LANGLEY,59,5902,Fraser,591,Fraser
1261,P6C,SAULT STE. MARIE,35,3526,Algoma Public Health Unit,3526,Algoma
1262,T4C,COCHRANE,48,4832,Calgary Zone,4832,Calgary
1263,T6K,EDMONTON,48,4834,Edmonton Zone,4834,Edmonton
1264,H9A,DOLLARD-DES-ORMEAUX,24,2406,Région de Montréal,2406,Montréal
1265,H2R,MONTREAL,24,2406,Région de Montréal,2406,Montréal
1266,J4B,BOUCHERVILLE,24,2416,Région de la Montérégie,2416,Montérégie
1268,T2N,CALGARY,48,4832,Calgary Zone,4832,Calgary
1269,E1G,MONCTON,13,1301,Zone 1 (Moncton area),1301,Zone 1 (Moncton area)
1270,R3V,WINNIPEG,46,4601,Winnipeg Regional Health Authority,4601,Winnipeg
1271,K7P,KINGSTON,35,3541,"Kingston, Frontenac and Lennox and Addington Health Unit",3541,Kingston Frontenac Lennox & Addington
1272,K9L,PETERBOROUGH,35,3555,Peterborough Public Health,3555,Peterborough
1273,T1J,LETHBRIDGE,48,4831,South Zone,4831,South
1274,V5M,VANCOUVER,59,5903,Vancouver Coastal,595,Vancouver Coastal
1275,B3N,HALIFAX,12,1204,Zone 4 - Central,1204,Zone 4 - Central
1276,M4N,TORONTO,35,3595,Toronto Public Health,3595,Toronto
1277,S7T,SASKATOON,47,4704,Saskatoon,474,Saskatoon
1279,L9T,MILTON,35,3536,Halton Region Health Department,3536,Halton
1280,K7M,KINGSTON,35,3541,"Kingston, Frontenac and Lennox and Addington Health Unit",3541,Kingston Frontenac Lennox & Addington
1281,S3N,YORKTON,47,4703,Central,473,Central
1282,N3W,CALEDONIA,35,3534,Haldimand-Norfolk Health Unit,3534,Haldimand-Norfolk
1283,V3R,SURREY,59,5902,Fraser,591,Fraser
1284,N9G,WINDSOR,35,3568,Windsor-Essex County Health Unit,3568,Windsor-Essex
1285,R3P,WINNIPEG,46,4601,Winnipeg Regional Health Authority,4601,Winnipeg
1287,V1C,CRANBROOK,59,5901,Interior,592,Interior
1288,K8P,BELLEVILLE,35,3538,Hastings and Prince Edward Counties Health Unit,3538,Hastings Prince Edward
1289,G2B,QUEBEC,24,2403,Région de la Capitale-Nationale,2403,Capitale-Nationale
1290,K2L,KANATA,35,3551,Ottawa Public Health,3551,Ottawa
1291,L6G,MARKHAM,35,3570,York Region Public Health,3570,York
1292,N2E,KITCHENER,35,3565,"Region of Waterloo, Public Health",3565,Waterloo
1294,B4V,BRIDGEWATER,12,1201,Zone 1 - Western,1201,Zone 1 - Western
1295,C1A,CHARLOTTETOWN,11,1100,Prince Edward Island,1100,Prince Edward Island
1296,N2B,KITCHENER,35,3565,"Region of Waterloo, Public Health",3565,Waterloo
1297,V7G,NORTH VANCOUVER,59,5903,Vancouver Coastal,595,Vancouver Coastal
1298,T3P,CALGARY,48,4832,Calgary Zone,4832,Calgary
1299,L9H,DUNDAS,35,3537,Hamilton Public Health Services,3537,Hamilton
1300,E2K,SAINT JOHN,13,1302,Zone 2 (Saint John area),1302,Zone 2 (Saint John area)
1301,P0M,CHELMSFORD,35,3561,Sudbury and District Health Unit,3561,Sudbury
1302,P0G,NOBEL,35,3547,North Bay Parry Sound District Health Unit,3547,North Bay Parry Sound
1303,P4N,TIMMINS,35,3556,Porcupine Health Unit,3556,Porcupine
1304,K0H,INVERARY,35,3541,"Kingston, Frontenac and Lennox and Addington Health Unit",3541,Kingston Frontenac Lennox & Addington
1305,T2Y,CALGARY,48,4832,Calgary Zone,4832,Calgary
1307,P0K,MATHESON,35,3556,Porcupine Health Unit,3556,Porcupine
1308,T5K,EDMONTON,48,4834,Edmonton Zone,4834,Edmonton
1309,N7M,CHATHAM,35,3540,Chatham-Kent Health Unit,3540,Chatham-Kent
1310,B0J,HUBBARDS,12,1204,Zone 4 - Central,1204,Zone 4 - Central
1311,N6H,LONDON,35,3544,Middlesex-London Health Unit,3544,Middlesex-London
1312,V7P,NORTH VANCOUVER,59,5903,Vancouver Coastal,595,Vancouver Coastal
1313,N2J,WATERLOO,35,3565,"Region of Waterloo, Public Health",3565,Waterloo
1315,C1B,STRATFORD,11,1100,Prince Edward Island,1100,Prince Edward Island
1316,P0L,MOONBEAM,35,3556,Porcupine Health Unit,3556,Porcupine
1317,N3L,PARIS,35,3527,Brant County Health Unit,3527,Brant
1318,K1G,OTTAWA,35,3551,Ottawa Public Health,3551,Ottawa
1319,T2Z,CALGARY,48,4832,Calgary Zone,4832,Calgary
1320,B4B,HAMMONDS PLAINS,12,1204,Zone 4 - Central,1204,Zone 4 - Central
